district,calendar_quarter,sex,age_group,vls_tested,vls_suppressed
Balaka,CY2017Q4,both,Y000_014,165,85
Balaka,CY2017Q4,female,Y015_999,1620,1450
Balaka,CY2017Q4,male,Y015_999,712,587
Balaka,CY2018Q1,both,Y000_014,217,89
Balaka,CY2018Q1,female,Y015_999,1437,1137
Balaka,CY2018Q1,male,Y015_999,536,646
Balaka,CY2018Q2,both,Y000_014,221,96
Balaka,CY2018Q2,female,Y015_999,1670,1217
Balaka,CY2018Q2,male,Y015_999,643,514
Balaka,CY2018Q3,both,Y000_014,199,109
Balaka,CY2018Q3,female,Y015_999,1506,1201
Balaka,CY2018Q3,male,Y015_999,515,600
Balaka,CY2018Q4,both,Y000_014,218,124
Balaka,CY2018Q4,female,Y015_999,1436,1326
Balaka,CY2018Q4,male,Y015_999,616,530
Balaka,CY2019Q1,both,Y000_014,1002,513
Balaka,CY2019Q1,female,Y015_999,8211,7303
Balaka,CY2019Q1,male,Y015_999,3429,2936
Balaka,CY2019Q2,both,Y000_014,1144,626
Balaka,CY2019Q2,female,Y015_999,8355,7535
Balaka,CY2019Q2,male,Y015_999,3296,2886
Balaka,CY2019Q3,both,Y000_014,1047,598
Balaka,CY2019Q3,female,Y015_999,8355,7603
Balaka,CY2019Q3,male,Y015_999,3272,2911
Balaka,CY2019Q4,both,Y000_014,1192,703
Balaka,CY2019Q4,female,Y015_999,9207,8291
Balaka,CY2019Q4,male,Y015_999,3582,3195
Balaka,CY2020Q1,both,Y000_014,1103,700
Balaka,CY2020Q1,female,Y015_999,9226,8417
Balaka,CY2020Q1,male,Y015_999,3463,3143
Balaka,CY2020Q2,both,Y000_014,952,633
Balaka,CY2020Q2,female,Y015_999,8357,7726
Balaka,CY2020Q2,male,Y015_999,3399,3134
Balaka,CY2020Q3,both,Y000_014,955,684
Balaka,CY2020Q3,female,Y015_999,8471,7904
Balaka,CY2020Q3,male,Y015_999,3271,3022
Balaka,CY2020Q4,both,Y000_014,1041,755
Balaka,CY2020Q4,female,Y015_999,9582,8881
Balaka,CY2020Q4,male,Y015_999,3749,3445
Balaka,CY2021Q1,both,Y000_014,1141,822
Balaka,CY2021Q1,female,Y015_999,11143,10107
Balaka,CY2021Q1,male,Y015_999,4362,3932
Blantyre,CY2017Q4,both,Y000_014,147,110
Blantyre,CY2017Q4,female,Y015_999,1565,1279
Blantyre,CY2017Q4,male,Y015_999,904,611
Blantyre,CY2018Q1,both,Y000_014,200,99
Blantyre,CY2018Q1,female,Y015_999,1284,1347
Blantyre,CY2018Q1,male,Y015_999,758,774
Blantyre,CY2018Q2,both,Y000_014,182,88
Blantyre,CY2018Q2,female,Y015_999,1409,1373
Blantyre,CY2018Q2,male,Y015_999,648,654
Blantyre,CY2018Q3,both,Y000_014,178,111
Blantyre,CY2018Q3,female,Y015_999,1369,1197
Blantyre,CY2018Q3,male,Y015_999,733,743
Blantyre,CY2018Q4,both,Y000_014,228,148
Blantyre,CY2018Q4,female,Y015_999,1943,1795
Blantyre,CY2018Q4,male,Y015_999,997,896
Blantyre,CY2019Q1,both,Y000_014,807,462
Blantyre,CY2019Q1,female,Y015_999,7342,6341
Blantyre,CY2019Q1,male,Y015_999,3820,3174
Blantyre,CY2019Q2,both,Y000_014,892,534
Blantyre,CY2019Q2,female,Y015_999,7903,6944
Blantyre,CY2019Q2,male,Y015_999,4166,3560
Blantyre,CY2019Q3,both,Y000_014,1085,698
Blantyre,CY2019Q3,female,Y015_999,10249,9261
Blantyre,CY2019Q3,male,Y015_999,5290,4719
Blantyre,CY2019Q4,both,Y000_014,1029,674
Blantyre,CY2019Q4,female,Y015_999,9781,8879
Blantyre,CY2019Q4,male,Y015_999,4907,4419
Blantyre,CY2020Q1,both,Y000_014,1123,744
Blantyre,CY2020Q1,female,Y015_999,11284,10367
Blantyre,CY2020Q1,male,Y015_999,5199,4769
Blantyre,CY2020Q2,both,Y000_014,992,669
Blantyre,CY2020Q2,female,Y015_999,10061,9407
Blantyre,CY2020Q2,male,Y015_999,4541,4243
Blantyre,CY2020Q3,both,Y000_014,848,575
Blantyre,CY2020Q3,female,Y015_999,8563,7990
Blantyre,CY2020Q3,male,Y015_999,3905,3625
Blantyre,CY2020Q4,both,Y000_014,731,512
Blantyre,CY2020Q4,female,Y015_999,7942,7455
Blantyre,CY2020Q4,male,Y015_999,3963,3704
Blantyre,CY2021Q1,both,Y000_014,690,497
Blantyre,CY2021Q1,female,Y015_999,8019,7541
Blantyre,CY2021Q1,male,Y015_999,4039,3781
Chikwawa,CY2017Q4,both,Y000_014,300,92
Chikwawa,CY2017Q4,female,Y015_999,1985,1317
Chikwawa,CY2017Q4,male,Y015_999,792,733
Chikwawa,CY2018Q1,both,Y000_014,234,96
Chikwawa,CY2018Q1,female,Y015_999,1555,1329
Chikwawa,CY2018Q1,male,Y015_999,919,924
Chikwawa,CY2018Q2,both,Y000_014,252,96
Chikwawa,CY2018Q2,female,Y015_999,1851,1286
Chikwawa,CY2018Q2,male,Y015_999,820,672
Chikwawa,CY2018Q3,both,Y000_014,270,92
Chikwawa,CY2018Q3,female,Y015_999,1828,1837
Chikwawa,CY2018Q3,male,Y015_999,840,869
Chikwawa,CY2018Q4,both,Y000_014,242,99
Chikwawa,CY2018Q4,female,Y015_999,1601,1375
Chikwawa,CY2018Q4,male,Y015_999,841,694
Chikwawa,CY2019Q1,both,Y000_014,1075,452
Chikwawa,CY2019Q1,female,Y015_999,7615,6365
Chikwawa,CY2019Q1,male,Y015_999,4031,3236
Chikwawa,CY2019Q2,both,Y000_014,1312,577
Chikwawa,CY2019Q2,female,Y015_999,10419,9068
Chikwawa,CY2019Q2,male,Y015_999,5381,4627
Chikwawa,CY2019Q3,both,Y000_014,1383,680
Chikwawa,CY2019Q3,female,Y015_999,12099,10849
Chikwawa,CY2019Q3,male,Y015_999,6291,5667
Chikwawa,CY2019Q4,both,Y000_014,1610,819
Chikwawa,CY2019Q4,female,Y015_999,13505,12080
Chikwawa,CY2019Q4,male,Y015_999,7135,6467
Chikwawa,CY2020Q1,both,Y000_014,1678,888
Chikwawa,CY2020Q1,female,Y015_999,14361,12890
Chikwawa,CY2020Q1,male,Y015_999,7321,6660
Chikwawa,CY2020Q2,both,Y000_014,1345,790
Chikwawa,CY2020Q2,female,Y015_999,10331,9644
Chikwawa,CY2020Q2,male,Y015_999,5561,5234
Chikwawa,CY2020Q3,both,Y000_014,1303,837
Chikwawa,CY2020Q3,female,Y015_999,11417,10799
Chikwawa,CY2020Q3,male,Y015_999,5549,5235
Chikwawa,CY2020Q4,both,Y000_014,1446,986
Chikwawa,CY2020Q4,female,Y015_999,13660,12869
Chikwawa,CY2020Q4,male,Y015_999,6765,6297
Chikwawa,CY2021Q1,both,Y000_014,1451,1027
Chikwawa,CY2021Q1,female,Y015_999,14278,13340
Chikwawa,CY2021Q1,male,Y015_999,7325,6756
Chiradzulu,CY2017Q4,both,Y000_014,48,22
Chiradzulu,CY2017Q4,female,Y015_999,1639,1375
Chiradzulu,CY2017Q4,male,Y015_999,707,575
Chiradzulu,CY2018Q1,both,Y000_014,36,23
Chiradzulu,CY2018Q1,female,Y015_999,1754,1545
Chiradzulu,CY2018Q1,male,Y015_999,647,561
Chiradzulu,CY2018Q2,both,Y000_014,43,19
Chiradzulu,CY2018Q2,female,Y015_999,1713,1684
Chiradzulu,CY2018Q2,male,Y015_999,613,803
Chiradzulu,CY2018Q3,both,Y000_014,51,25
Chiradzulu,CY2018Q3,female,Y015_999,2130,1757
Chiradzulu,CY2018Q3,male,Y015_999,793,661
Chiradzulu,CY2018Q4,both,Y000_014,66,43
Chiradzulu,CY2018Q4,female,Y015_999,3380,3256
Chiradzulu,CY2018Q4,male,Y015_999,1357,1274
Chiradzulu,CY2019Q1,both,Y000_014,207,108
Chiradzulu,CY2019Q1,female,Y015_999,10650,9593
Chiradzulu,CY2019Q1,male,Y015_999,4404,3847
Chiradzulu,CY2019Q2,both,Y000_014,265,148
Chiradzulu,CY2019Q2,female,Y015_999,13662,12485
Chiradzulu,CY2019Q2,male,Y015_999,5550,4943
Chiradzulu,CY2019Q3,both,Y000_014,251,154
Chiradzulu,CY2019Q3,female,Y015_999,17127,16017
Chiradzulu,CY2019Q3,male,Y015_999,6670,6160
Chiradzulu,CY2019Q4,both,Y000_014,245,147
Chiradzulu,CY2019Q4,female,Y015_999,16753,15725
Chiradzulu,CY2019Q4,male,Y015_999,6670,6207
Chiradzulu,CY2020Q1,both,Y000_014,263,174
Chiradzulu,CY2020Q1,female,Y015_999,16714,15795
Chiradzulu,CY2020Q1,male,Y015_999,6698,6320
Chiradzulu,CY2020Q2,both,Y000_014,195,129
Chiradzulu,CY2020Q2,female,Y015_999,12619,12162
Chiradzulu,CY2020Q2,male,Y015_999,5417,5212
Chiradzulu,CY2020Q3,both,Y000_014,482,378
Chiradzulu,CY2020Q3,female,Y015_999,10456,9939
Chiradzulu,CY2020Q3,male,Y015_999,4619,4367
Chiradzulu,CY2020Q4,both,Y000_014,687,559
Chiradzulu,CY2020Q4,female,Y015_999,12633,12026
Chiradzulu,CY2020Q4,male,Y015_999,5428,5136
Chiradzulu,CY2021Q1,both,Y000_014,777,644
Chiradzulu,CY2021Q1,female,Y015_999,12083,11530
Chiradzulu,CY2021Q1,male,Y015_999,5003,4728
Chitipa,CY2017Q4,both,Y000_014,27,18
Chitipa,CY2017Q4,female,Y015_999,294,238
Chitipa,CY2017Q4,male,Y015_999,137,133
Chitipa,CY2018Q1,both,Y000_014,33,16
Chitipa,CY2018Q1,female,Y015_999,268,221
Chitipa,CY2018Q1,male,Y015_999,137,127
Chitipa,CY2018Q2,both,Y000_014,30,19
Chitipa,CY2018Q2,female,Y015_999,253,190
Chitipa,CY2018Q2,male,Y015_999,131,135
Chitipa,CY2018Q3,both,Y000_014,23,18
Chitipa,CY2018Q3,female,Y015_999,222,232
Chitipa,CY2018Q3,male,Y015_999,135,127
Chitipa,CY2018Q4,both,Y000_014,26,21
Chitipa,CY2018Q4,female,Y015_999,202,196
Chitipa,CY2018Q4,male,Y015_999,112,97
Chitipa,CY2019Q1,both,Y000_014,158,85
Chitipa,CY2019Q1,female,Y015_999,1124,988
Chitipa,CY2019Q1,male,Y015_999,653,542
Chitipa,CY2019Q2,both,Y000_014,193,104
Chitipa,CY2019Q2,female,Y015_999,1410,1260
Chitipa,CY2019Q2,male,Y015_999,819,704
Chitipa,CY2019Q3,both,Y000_014,191,103
Chitipa,CY2019Q3,female,Y015_999,1741,1572
Chitipa,CY2019Q3,male,Y015_999,1028,900
Chitipa,CY2019Q4,both,Y000_014,224,116
Chitipa,CY2019Q4,female,Y015_999,2039,1832
Chitipa,CY2019Q4,male,Y015_999,1187,1043
Chitipa,CY2020Q1,both,Y000_014,200,110
Chitipa,CY2020Q1,female,Y015_999,1983,1802
Chitipa,CY2020Q1,male,Y015_999,1133,1007
Chitipa,CY2020Q2,both,Y000_014,183,113
Chitipa,CY2020Q2,female,Y015_999,1820,1699
Chitipa,CY2020Q2,male,Y015_999,1030,966
Chitipa,CY2020Q3,both,Y000_014,162,97
Chitipa,CY2020Q3,female,Y015_999,1473,1380
Chitipa,CY2020Q3,male,Y015_999,794,747
Chitipa,CY2020Q4,both,Y000_014,172,120
Chitipa,CY2020Q4,female,Y015_999,1807,1710
Chitipa,CY2020Q4,male,Y015_999,1041,979
Chitipa,CY2021Q1,both,Y000_014,164,121
Chitipa,CY2021Q1,female,Y015_999,1933,1824
Chitipa,CY2021Q1,male,Y015_999,1133,1054
Dedza,CY2017Q4,both,Y000_014,121,54
Dedza,CY2017Q4,female,Y015_999,1119,891
Dedza,CY2017Q4,male,Y015_999,464,391
Dedza,CY2018Q1,both,Y000_014,152,71
Dedza,CY2018Q1,female,Y015_999,834,752
Dedza,CY2018Q1,male,Y015_999,502,484
Dedza,CY2018Q2,both,Y000_014,124,79
Dedza,CY2018Q2,female,Y015_999,1104,1000
Dedza,CY2018Q2,male,Y015_999,516,357
Dedza,CY2018Q3,both,Y000_014,137,73
Dedza,CY2018Q3,female,Y015_999,935,934
Dedza,CY2018Q3,male,Y015_999,449,349
Dedza,CY2018Q4,both,Y000_014,158,98
Dedza,CY2018Q4,female,Y015_999,1232,1088
Dedza,CY2018Q4,male,Y015_999,610,536
Dedza,CY2019Q1,both,Y000_014,622,324
Dedza,CY2019Q1,female,Y015_999,5214,4524
Dedza,CY2019Q1,male,Y015_999,2554,2143
Dedza,CY2019Q2,both,Y000_014,778,414
Dedza,CY2019Q2,female,Y015_999,7142,6302
Dedza,CY2019Q2,male,Y015_999,3451,2991
Dedza,CY2019Q3,both,Y000_014,838,488
Dedza,CY2019Q3,female,Y015_999,8485,7673
Dedza,CY2019Q3,male,Y015_999,4027,3593
Dedza,CY2019Q4,both,Y000_014,926,544
Dedza,CY2019Q4,female,Y015_999,9329,8472
Dedza,CY2019Q4,male,Y015_999,4464,4007
Dedza,CY2020Q1,both,Y000_014,867,514
Dedza,CY2020Q1,female,Y015_999,8991,8206
Dedza,CY2020Q1,male,Y015_999,4318,3915
Dedza,CY2020Q2,both,Y000_014,717,473
Dedza,CY2020Q2,female,Y015_999,7415,6898
Dedza,CY2020Q2,male,Y015_999,3579,3329
Dedza,CY2020Q3,both,Y000_014,631,429
Dedza,CY2020Q3,female,Y015_999,6596,6152
Dedza,CY2020Q3,male,Y015_999,3160,2940
Dedza,CY2020Q4,both,Y000_014,653,453
Dedza,CY2020Q4,female,Y015_999,7813,7370
Dedza,CY2020Q4,male,Y015_999,3532,3329
Dedza,CY2021Q1,both,Y000_014,634,448
Dedza,CY2021Q1,female,Y015_999,7844,7420
Dedza,CY2021Q1,male,Y015_999,3579,3376
Dowa,CY2017Q4,both,Y000_014,64,25
Dowa,CY2017Q4,female,Y015_999,460,526
Dowa,CY2017Q4,male,Y015_999,291,241
Dowa,CY2018Q1,both,Y000_014,49,29
Dowa,CY2018Q1,female,Y015_999,500,415
Dowa,CY2018Q1,male,Y015_999,326,305
Dowa,CY2018Q2,both,Y000_014,57,31
Dowa,CY2018Q2,female,Y015_999,559,465
Dowa,CY2018Q2,male,Y015_999,328,307
Dowa,CY2018Q3,both,Y000_014,70,32
Dowa,CY2018Q3,female,Y015_999,609,376
Dowa,CY2018Q3,male,Y015_999,313,300
Dowa,CY2018Q4,both,Y000_014,104,58
Dowa,CY2018Q4,female,Y015_999,931,867
Dowa,CY2018Q4,male,Y015_999,539,465
Dowa,CY2019Q1,both,Y000_014,449,255
Dowa,CY2019Q1,female,Y015_999,4154,3706
Dowa,CY2019Q1,male,Y015_999,2439,2092
Dowa,CY2019Q2,both,Y000_014,489,295
Dowa,CY2019Q2,female,Y015_999,4687,4245
Dowa,CY2019Q2,male,Y015_999,2754,2398
Dowa,CY2019Q3,both,Y000_014,463,293
Dowa,CY2019Q3,female,Y015_999,4964,4589
Dowa,CY2019Q3,male,Y015_999,2844,2557
Dowa,CY2019Q4,both,Y000_014,504,316
Dowa,CY2019Q4,female,Y015_999,5682,5237
Dowa,CY2019Q4,male,Y015_999,3193,2905
Dowa,CY2020Q1,both,Y000_014,449,296
Dowa,CY2020Q1,female,Y015_999,5492,5080
Dowa,CY2020Q1,male,Y015_999,3102,2852
Dowa,CY2020Q2,both,Y000_014,501,361
Dowa,CY2020Q2,female,Y015_999,5844,5533
Dowa,CY2020Q2,male,Y015_999,3293,3133
Dowa,CY2020Q3,both,Y000_014,510,370
Dowa,CY2020Q3,female,Y015_999,5735,5426
Dowa,CY2020Q3,male,Y015_999,3117,2958
Dowa,CY2020Q4,both,Y000_014,545,402
Dowa,CY2020Q4,female,Y015_999,6366,6089
Dowa,CY2020Q4,male,Y015_999,3588,3425
Dowa,CY2021Q1,both,Y000_014,550,392
Dowa,CY2021Q1,female,Y015_999,6329,6013
Dowa,CY2021Q1,male,Y015_999,3577,3397
Karonga,CY2017Q4,both,Y000_014,97,69
Karonga,CY2017Q4,female,Y015_999,816,1064
Karonga,CY2017Q4,male,Y015_999,503,406
Karonga,CY2018Q1,both,Y000_014,139,65
Karonga,CY2018Q1,female,Y015_999,1146,849
Karonga,CY2018Q1,male,Y015_999,581,518
Karonga,CY2018Q2,both,Y000_014,111,72
Karonga,CY2018Q2,female,Y015_999,884,789
Karonga,CY2018Q2,male,Y015_999,557,472
Karonga,CY2018Q3,both,Y000_014,134,61
Karonga,CY2018Q3,female,Y015_999,1156,838
Karonga,CY2018Q3,male,Y015_999,530,426
Karonga,CY2018Q4,both,Y000_014,131,84
Karonga,CY2018Q4,female,Y015_999,1180,1109
Karonga,CY2018Q4,male,Y015_999,580,532
Karonga,CY2019Q1,both,Y000_014,511,292
Karonga,CY2019Q1,female,Y015_999,4302,3829
Karonga,CY2019Q1,male,Y015_999,2324,1986
Karonga,CY2019Q2,both,Y000_014,587,330
Karonga,CY2019Q2,female,Y015_999,4783,4258
Karonga,CY2019Q2,male,Y015_999,2587,2220
Karonga,CY2019Q3,both,Y000_014,604,336
Karonga,CY2019Q3,female,Y015_999,5386,4809
Karonga,CY2019Q3,male,Y015_999,2819,2463
Karonga,CY2019Q4,both,Y000_014,676,379
Karonga,CY2019Q4,female,Y015_999,5861,5169
Karonga,CY2019Q4,male,Y015_999,3098,2696
Karonga,CY2020Q1,both,Y000_014,607,356
Karonga,CY2020Q1,female,Y015_999,5459,4867
Karonga,CY2020Q1,male,Y015_999,2824,2461
Karonga,CY2020Q2,both,Y000_014,630,431
Karonga,CY2020Q2,female,Y015_999,5696,5321
Karonga,CY2020Q2,male,Y015_999,2983,2719
Karonga,CY2020Q3,both,Y000_014,528,384
Karonga,CY2020Q3,female,Y015_999,4872,4572
Karonga,CY2020Q3,male,Y015_999,2479,2255
Karonga,CY2020Q4,both,Y000_014,591,434
Karonga,CY2020Q4,female,Y015_999,6019,5670
Karonga,CY2020Q4,male,Y015_999,3138,2841
Karonga,CY2021Q1,both,Y000_014,523,377
Karonga,CY2021Q1,female,Y015_999,5858,5527
Karonga,CY2021Q1,male,Y015_999,3084,2816
Kasungu,CY2017Q4,both,Y000_014,75,61
Kasungu,CY2017Q4,female,Y015_999,838,560
Kasungu,CY2017Q4,male,Y015_999,407,408
Kasungu,CY2018Q1,both,Y000_014,82,64
Kasungu,CY2018Q1,female,Y015_999,677,614
Kasungu,CY2018Q1,male,Y015_999,409,325
Kasungu,CY2018Q2,both,Y000_014,78,67
Kasungu,CY2018Q2,female,Y015_999,841,690
Kasungu,CY2018Q2,male,Y015_999,447,427
Kasungu,CY2018Q3,both,Y000_014,88,50
Kasungu,CY2018Q3,female,Y015_999,647,626
Kasungu,CY2018Q3,male,Y015_999,346,420
Kasungu,CY2018Q4,both,Y000_014,121,68
Kasungu,CY2018Q4,female,Y015_999,840,782
Kasungu,CY2018Q4,male,Y015_999,508,458
Kasungu,CY2019Q1,both,Y000_014,510,263
Kasungu,CY2019Q1,female,Y015_999,3983,3466
Kasungu,CY2019Q1,male,Y015_999,2299,1920
Kasungu,CY2019Q2,both,Y000_014,632,351
Kasungu,CY2019Q2,female,Y015_999,5512,4952
Kasungu,CY2019Q2,male,Y015_999,3062,2672
Kasungu,CY2019Q3,both,Y000_014,716,463
Kasungu,CY2019Q3,female,Y015_999,6872,6491
Kasungu,CY2019Q3,male,Y015_999,3775,3530
Kasungu,CY2019Q4,both,Y000_014,886,574
Kasungu,CY2019Q4,female,Y015_999,8260,7830
Kasungu,CY2019Q4,male,Y015_999,4675,4430
Kasungu,CY2020Q1,both,Y000_014,865,569
Kasungu,CY2020Q1,female,Y015_999,8010,7610
Kasungu,CY2020Q1,male,Y015_999,4568,4339
Kasungu,CY2020Q2,both,Y000_014,846,557
Kasungu,CY2020Q2,female,Y015_999,7410,7052
Kasungu,CY2020Q2,male,Y015_999,4388,4188
Kasungu,CY2020Q3,both,Y000_014,752,503
Kasungu,CY2020Q3,female,Y015_999,6748,6401
Kasungu,CY2020Q3,male,Y015_999,3943,3761
Kasungu,CY2020Q4,both,Y000_014,808,582
Kasungu,CY2020Q4,female,Y015_999,7488,7166
Kasungu,CY2020Q4,male,Y015_999,4322,4126
Kasungu,CY2021Q1,both,Y000_014,756,584
Kasungu,CY2021Q1,female,Y015_999,7313,7032
Kasungu,CY2021Q1,male,Y015_999,4200,4036
Likoma,CY2017Q4,both,Y000_014,4,3
Likoma,CY2017Q4,female,Y015_999,29,31
Likoma,CY2017Q4,male,Y015_999,11,12
Likoma,CY2018Q1,both,Y000_014,3,3
Likoma,CY2018Q1,female,Y015_999,27,29
Likoma,CY2018Q1,male,Y015_999,11,13
Likoma,CY2018Q2,both,Y000_014,4,3
Likoma,CY2018Q2,female,Y015_999,22,22
Likoma,CY2018Q2,male,Y015_999,14,13
Likoma,CY2018Q3,both,Y000_014,5,2
Likoma,CY2018Q3,female,Y015_999,27,26
Likoma,CY2018Q3,male,Y015_999,12,13
Likoma,CY2018Q4,both,Y000_014,5,1
Likoma,CY2018Q4,female,Y015_999,39,36
Likoma,CY2018Q4,male,Y015_999,20,19
Likoma,CY2019Q1,both,Y000_014,25,14
Likoma,CY2019Q1,female,Y015_999,152,133
Likoma,CY2019Q1,male,Y015_999,73,68
Likoma,CY2019Q2,both,Y000_014,36,17
Likoma,CY2019Q2,female,Y015_999,247,221
Likoma,CY2019Q2,male,Y015_999,121,110
Likoma,CY2019Q3,both,Y000_014,39,20
Likoma,CY2019Q3,female,Y015_999,298,270
Likoma,CY2019Q3,male,Y015_999,150,135
Likoma,CY2019Q4,both,Y000_014,39,22
Likoma,CY2019Q4,female,Y015_999,314,287
Likoma,CY2019Q4,male,Y015_999,161,145
Likoma,CY2020Q1,both,Y000_014,33,16
Likoma,CY2020Q1,female,Y015_999,279,256
Likoma,CY2020Q1,male,Y015_999,151,137
Likoma,CY2020Q2,both,Y000_014,27,15
Likoma,CY2020Q2,female,Y015_999,184,174
Likoma,CY2020Q2,male,Y015_999,109,102
Likoma,CY2020Q3,both,Y000_014,29,15
Likoma,CY2020Q3,female,Y015_999,151,146
Likoma,CY2020Q3,male,Y015_999,106,101
Likoma,CY2020Q4,both,Y000_014,13,8
Likoma,CY2020Q4,female,Y015_999,107,100
Likoma,CY2020Q4,male,Y015_999,74,69
Likoma,CY2021Q1,both,Y000_014,25,19
Likoma,CY2021Q1,female,Y015_999,246,233
Likoma,CY2021Q1,male,Y015_999,166,160
Lilongwe,CY2017Q4,both,Y000_014,182,104
Lilongwe,CY2017Q4,female,Y015_999,1021,964
Lilongwe,CY2017Q4,male,Y015_999,643,660
Lilongwe,CY2018Q1,both,Y000_014,139,95
Lilongwe,CY2018Q1,female,Y015_999,1323,1209
Lilongwe,CY2018Q1,male,Y015_999,681,496
Lilongwe,CY2018Q2,both,Y000_014,152,86
Lilongwe,CY2018Q2,female,Y015_999,1388,1125
Lilongwe,CY2018Q2,male,Y015_999,786,579
Lilongwe,CY2018Q3,both,Y000_014,143,104
Lilongwe,CY2018Q3,female,Y015_999,1046,995
Lilongwe,CY2018Q3,male,Y015_999,648,670
Lilongwe,CY2018Q4,both,Y000_014,162,106
Lilongwe,CY2018Q4,female,Y015_999,1369,1274
Lilongwe,CY2018Q4,male,Y015_999,802,732
Lilongwe,CY2019Q1,both,Y000_014,662,429
Lilongwe,CY2019Q1,female,Y015_999,4965,5556
Lilongwe,CY2019Q1,male,Y015_999,2988,3308
Lilongwe,CY2019Q2,both,Y000_014,818,534
Lilongwe,CY2019Q2,female,Y015_999,6562,5780
Lilongwe,CY2019Q2,male,Y015_999,3818,3307
Lilongwe,CY2019Q3,both,Y000_014,828,559
Lilongwe,CY2019Q3,female,Y015_999,7343,6571
Lilongwe,CY2019Q3,male,Y015_999,4227,3749
Lilongwe,CY2019Q4,both,Y000_014,932,641
Lilongwe,CY2019Q4,female,Y015_999,9271,8395
Lilongwe,CY2019Q4,male,Y015_999,5430,4921
Lilongwe,CY2020Q1,both,Y000_014,897,623
Lilongwe,CY2020Q1,female,Y015_999,8566,7780
Lilongwe,CY2020Q1,male,Y015_999,4839,4400
Lilongwe,CY2020Q2,both,Y000_014,724,518
Lilongwe,CY2020Q2,female,Y015_999,6044,5676
Lilongwe,CY2020Q2,male,Y015_999,4946,4659
Lilongwe,CY2020Q3,both,Y000_014,704,513
Lilongwe,CY2020Q3,female,Y015_999,7254,6865
Lilongwe,CY2020Q3,male,Y015_999,4370,4145
Lilongwe,CY2020Q4,both,Y000_014,675,513
Lilongwe,CY2020Q4,female,Y015_999,7300,6933
Lilongwe,CY2020Q4,male,Y015_999,4403,4179
Lilongwe,CY2021Q1,both,Y000_014,701,540
Lilongwe,CY2021Q1,female,Y015_999,8046,7688
Lilongwe,CY2021Q1,male,Y015_999,4914,4667
Machinga,CY2017Q4,both,Y000_014,283,149
Machinga,CY2017Q4,female,Y015_999,2040,2290
Machinga,CY2017Q4,male,Y015_999,1095,720
Machinga,CY2018Q1,both,Y000_014,301,152
Machinga,CY2018Q1,female,Y015_999,2278,1964
Machinga,CY2018Q1,male,Y015_999,840,690
Machinga,CY2018Q2,both,Y000_014,253,163
Machinga,CY2018Q2,female,Y015_999,2929,1936
Machinga,CY2018Q2,male,Y015_999,962,685
Machinga,CY2018Q3,both,Y000_014,330,142
Machinga,CY2018Q3,female,Y015_999,2114,1937
Machinga,CY2018Q3,male,Y015_999,890,982
Machinga,CY2018Q4,both,Y000_014,283,158
Machinga,CY2018Q4,female,Y015_999,1915,1771
Machinga,CY2018Q4,male,Y015_999,878,794
Machinga,CY2019Q1,both,Y000_014,1274,633
Machinga,CY2019Q1,female,Y015_999,10532,9284
Machinga,CY2019Q1,male,Y015_999,4188,3609
Machinga,CY2019Q2,both,Y000_014,1564,854
Machinga,CY2019Q2,female,Y015_999,13170,11779
Machinga,CY2019Q2,male,Y015_999,5042,4452
Machinga,CY2019Q3,both,Y000_014,1549,872
Machinga,CY2019Q3,female,Y015_999,14497,12995
Machinga,CY2019Q3,male,Y015_999,5518,4963
Machinga,CY2019Q4,both,Y000_014,1727,1004
Machinga,CY2019Q4,female,Y015_999,16012,14455
Machinga,CY2019Q4,male,Y015_999,5999,5452
Machinga,CY2020Q1,both,Y000_014,1750,1054
Machinga,CY2020Q1,female,Y015_999,16569,15040
Machinga,CY2020Q1,male,Y015_999,6255,5728
Machinga,CY2020Q2,both,Y000_014,1396,886
Machinga,CY2020Q2,female,Y015_999,13478,12648
Machinga,CY2020Q2,male,Y015_999,5313,5012
Machinga,CY2020Q3,both,Y000_014,1401,968
Machinga,CY2020Q3,female,Y015_999,12233,11693
Machinga,CY2020Q3,male,Y015_999,4627,4428
Machinga,CY2020Q4,both,Y000_014,1568,1139
Machinga,CY2020Q4,female,Y015_999,15242,14489
Machinga,CY2020Q4,male,Y015_999,5773,5430
Machinga,CY2021Q1,both,Y000_014,1796,1339
Machinga,CY2021Q1,female,Y015_999,17023,16132
Machinga,CY2021Q1,male,Y015_999,6409,6017
Mangochi,CY2017Q4,both,Y000_014,510,262
Mangochi,CY2017Q4,female,Y015_999,4059,3169
Mangochi,CY2017Q4,male,Y015_999,1263,1070
Mangochi,CY2018Q1,both,Y000_014,555,278
Mangochi,CY2018Q1,female,Y015_999,4095,3070
Mangochi,CY2018Q1,male,Y015_999,1315,982
Mangochi,CY2018Q2,both,Y000_014,421,290
Mangochi,CY2018Q2,female,Y015_999,3610,2999
Mangochi,CY2018Q2,male,Y015_999,1409,1100
Mangochi,CY2018Q3,both,Y000_014,568,204
Mangochi,CY2018Q3,female,Y015_999,3324,2477
Mangochi,CY2018Q3,male,Y015_999,1422,1366
Mangochi,CY2018Q4,both,Y000_014,852,434
Mangochi,CY2018Q4,female,Y015_999,4599,4086
Mangochi,CY2018Q4,male,Y015_999,1903,1650
Mangochi,CY2019Q1,both,Y000_014,3010,1324
Mangochi,CY2019Q1,female,Y015_999,19520,16713
Mangochi,CY2019Q1,male,Y015_999,7984,6611
Mangochi,CY2019Q2,both,Y000_014,3459,1585
Mangochi,CY2019Q2,female,Y015_999,23526,20445
Mangochi,CY2019Q2,male,Y015_999,9463,8063
Mangochi,CY2019Q3,both,Y000_014,3007,1488
Mangochi,CY2019Q3,female,Y015_999,22044,19418
Mangochi,CY2019Q3,male,Y015_999,8927,7800
Mangochi,CY2019Q4,both,Y000_014,2809,1409
Mangochi,CY2019Q4,female,Y015_999,21844,19158
Mangochi,CY2019Q4,male,Y015_999,8802,7720
Mangochi,CY2020Q1,both,Y000_014,2482,1358
Mangochi,CY2020Q1,female,Y015_999,20703,18350
Mangochi,CY2020Q1,male,Y015_999,8189,7294
Mangochi,CY2020Q2,both,Y000_014,1964,1187
Mangochi,CY2020Q2,female,Y015_999,17319,15671
Mangochi,CY2020Q2,male,Y015_999,6998,6348
Mangochi,CY2020Q3,both,Y000_014,1962,1290
Mangochi,CY2020Q3,female,Y015_999,16249,14980
Mangochi,CY2020Q3,male,Y015_999,6305,5787
Mangochi,CY2020Q4,both,Y000_014,2248,1591
Mangochi,CY2020Q4,female,Y015_999,20187,18837
Mangochi,CY2020Q4,male,Y015_999,7715,7187
Mangochi,CY2021Q1,both,Y000_014,2792,1999
Mangochi,CY2021Q1,female,Y015_999,26165,24378
Mangochi,CY2021Q1,male,Y015_999,10274,9576
Mchinji,CY2017Q4,both,Y000_014,156,92
Mchinji,CY2017Q4,female,Y015_999,1492,1202
Mchinji,CY2017Q4,male,Y015_999,869,580
Mchinji,CY2018Q1,both,Y000_014,149,101
Mchinji,CY2018Q1,female,Y015_999,1197,1360
Mchinji,CY2018Q1,male,Y015_999,633,594
Mchinji,CY2018Q2,both,Y000_014,144,76
Mchinji,CY2018Q2,female,Y015_999,1379,1332
Mchinji,CY2018Q2,male,Y015_999,892,745
Mchinji,CY2018Q3,both,Y000_014,171,82
Mchinji,CY2018Q3,female,Y015_999,1146,1136
Mchinji,CY2018Q3,male,Y015_999,822,637
Mchinji,CY2018Q4,both,Y000_014,196,126
Mchinji,CY2018Q4,female,Y015_999,1573,1468
Mchinji,CY2018Q4,male,Y015_999,872,805
Mchinji,CY2019Q1,both,Y000_014,707,405
Mchinji,CY2019Q1,female,Y015_999,5676,4936
Mchinji,CY2019Q1,male,Y015_999,3238,2758
Mchinji,CY2019Q2,both,Y000_014,754,445
Mchinji,CY2019Q2,female,Y015_999,6448,5697
Mchinji,CY2019Q2,male,Y015_999,3712,3234
Mchinji,CY2019Q3,both,Y000_014,787,505
Mchinji,CY2019Q3,female,Y015_999,7116,6429
Mchinji,CY2019Q3,male,Y015_999,3973,3570
Mchinji,CY2019Q4,both,Y000_014,790,507
Mchinji,CY2019Q4,female,Y015_999,7375,6760
Mchinji,CY2019Q4,male,Y015_999,4140,3774
Mchinji,CY2020Q1,both,Y000_014,799,523
Mchinji,CY2020Q1,female,Y015_999,7817,7214
Mchinji,CY2020Q1,male,Y015_999,4321,3963
Mchinji,CY2020Q2,both,Y000_014,683,473
Mchinji,CY2020Q2,female,Y015_999,6371,6071
Mchinji,CY2020Q2,male,Y015_999,3694,3499
Mchinji,CY2020Q3,both,Y000_014,537,378
Mchinji,CY2020Q3,female,Y015_999,5453,5233
Mchinji,CY2020Q3,male,Y015_999,2975,2816
Mchinji,CY2020Q4,both,Y000_014,525,394
Mchinji,CY2020Q4,female,Y015_999,5337,5137
Mchinji,CY2020Q4,male,Y015_999,2964,2820
Mchinji,CY2021Q1,both,Y000_014,478,361
Mchinji,CY2021Q1,female,Y015_999,5490,5291
Mchinji,CY2021Q1,male,Y015_999,2935,2794
Mulanje,CY2017Q4,both,Y000_014,376,197
Mulanje,CY2017Q4,female,Y015_999,4483,3243
Mulanje,CY2017Q4,male,Y015_999,1533,1479
Mulanje,CY2018Q1,both,Y000_014,463,189
Mulanje,CY2018Q1,female,Y015_999,4102,4314
Mulanje,CY2018Q1,male,Y015_999,1912,1815
Mulanje,CY2018Q2,both,Y000_014,396,266
Mulanje,CY2018Q2,female,Y015_999,4132,3276
Mulanje,CY2018Q2,male,Y015_999,2138,1358
Mulanje,CY2018Q3,both,Y000_014,330,218
Mulanje,CY2018Q3,female,Y015_999,3536,3271
Mulanje,CY2018Q3,male,Y015_999,1588,1479
Mulanje,CY2018Q4,both,Y000_014,448,268
Mulanje,CY2018Q4,female,Y015_999,3761,3577
Mulanje,CY2018Q4,male,Y015_999,1809,1679
Mulanje,CY2019Q1,both,Y000_014,1897,1004
Mulanje,CY2019Q1,female,Y015_999,17758,15542
Mulanje,CY2019Q1,male,Y015_999,7790,6588
Mulanje,CY2019Q2,both,Y000_014,2255,1217
Mulanje,CY2019Q2,female,Y015_999,20064,17777
Mulanje,CY2019Q2,male,Y015_999,8688,7510
Mulanje,CY2019Q3,both,Y000_014,2010,1198
Mulanje,CY2019Q3,female,Y015_999,18621,17098
Mulanje,CY2019Q3,male,Y015_999,7969,7212
Mulanje,CY2019Q4,both,Y000_014,1983,1197
Mulanje,CY2019Q4,female,Y015_999,19197,17718
Mulanje,CY2019Q4,male,Y015_999,8019,7332
Mulanje,CY2020Q1,both,Y000_014,1600,1021
Mulanje,CY2020Q1,female,Y015_999,16923,15735
Mulanje,CY2020Q1,male,Y015_999,6893,6381
Mulanje,CY2020Q2,both,Y000_014,1904,1340
Mulanje,CY2020Q2,female,Y015_999,21164,20261
Mulanje,CY2020Q2,male,Y015_999,9576,9197
Mulanje,CY2020Q3,both,Y000_014,1745,1256
Mulanje,CY2020Q3,female,Y015_999,20143,19394
Mulanje,CY2020Q3,male,Y015_999,8598,8291
Mulanje,CY2020Q4,both,Y000_014,2018,1503
Mulanje,CY2020Q4,female,Y015_999,24360,23522
Mulanje,CY2020Q4,male,Y015_999,10359,9964
Mulanje,CY2021Q1,both,Y000_014,1855,1386
Mulanje,CY2021Q1,female,Y015_999,22582,21816
Mulanje,CY2021Q1,male,Y015_999,9548,9177
Mwanza,CY2017Q4,both,Y000_014,61,31
Mwanza,CY2017Q4,female,Y015_999,522,379
Mwanza,CY2017Q4,male,Y015_999,270,202
Mwanza,CY2018Q1,both,Y000_014,63,33
Mwanza,CY2018Q1,female,Y015_999,462,324
Mwanza,CY2018Q1,male,Y015_999,252,189
Mwanza,CY2018Q2,both,Y000_014,60,27
Mwanza,CY2018Q2,female,Y015_999,422,343
Mwanza,CY2018Q2,male,Y015_999,252,189
Mwanza,CY2018Q3,both,Y000_014,54,25
Mwanza,CY2018Q3,female,Y015_999,412,329
Mwanza,CY2018Q3,male,Y015_999,196,194
Mwanza,CY2018Q4,both,Y000_014,47,19
Mwanza,CY2018Q4,female,Y015_999,544,507
Mwanza,CY2018Q4,male,Y015_999,210,185
Mwanza,CY2019Q1,both,Y000_014,249,117
Mwanza,CY2019Q1,female,Y015_999,1914,1636
Mwanza,CY2019Q1,male,Y015_999,961,786
Mwanza,CY2019Q2,both,Y000_014,273,141
Mwanza,CY2019Q2,female,Y015_999,2094,1849
Mwanza,CY2019Q2,male,Y015_999,1011,850
Mwanza,CY2019Q3,both,Y000_014,240,133
Mwanza,CY2019Q3,female,Y015_999,2168,1987
Mwanza,CY2019Q3,male,Y015_999,972,871
Mwanza,CY2019Q4,both,Y000_014,245,148
Mwanza,CY2019Q4,female,Y015_999,1979,1808
Mwanza,CY2019Q4,male,Y015_999,932,840
Mwanza,CY2020Q1,both,Y000_014,176,110
Mwanza,CY2020Q1,female,Y015_999,1608,1471
Mwanza,CY2020Q1,male,Y015_999,705,646
Mwanza,CY2020Q2,both,Y000_014,188,128
Mwanza,CY2020Q2,female,Y015_999,1911,1812
Mwanza,CY2020Q2,male,Y015_999,888,839
Mwanza,CY2020Q3,both,Y000_014,205,151
Mwanza,CY2020Q3,female,Y015_999,2217,2123
Mwanza,CY2020Q3,male,Y015_999,1036,983
Mwanza,CY2020Q4,both,Y000_014,231,160
Mwanza,CY2020Q4,female,Y015_999,2485,2364
Mwanza,CY2020Q4,male,Y015_999,1203,1138
Mwanza,CY2021Q1,both,Y000_014,219,158
Mwanza,CY2021Q1,female,Y015_999,2405,2292
Mwanza,CY2021Q1,male,Y015_999,1214,1150
Mzimba,CY2017Q4,both,Y000_014,154,98
Mzimba,CY2017Q4,female,Y015_999,1318,1232
Mzimba,CY2017Q4,male,Y015_999,743,574
Mzimba,CY2018Q1,both,Y000_014,177,80
Mzimba,CY2018Q1,female,Y015_999,1293,1119
Mzimba,CY2018Q1,male,Y015_999,598,722
Mzimba,CY2018Q2,both,Y000_014,136,75
Mzimba,CY2018Q2,female,Y015_999,1202,1184
Mzimba,CY2018Q2,male,Y015_999,709,721
Mzimba,CY2018Q3,both,Y000_014,150,101
Mzimba,CY2018Q3,female,Y015_999,1406,1163
Mzimba,CY2018Q3,male,Y015_999,771,664
Mzimba,CY2018Q4,both,Y000_014,216,142
Mzimba,CY2018Q4,female,Y015_999,2019,1893
Mzimba,CY2018Q4,male,Y015_999,1212,1123
Mzimba,CY2019Q1,both,Y000_014,781,429
Mzimba,CY2019Q1,female,Y015_999,7572,6739
Mzimba,CY2019Q1,male,Y015_999,4444,3815
Mzimba,CY2019Q2,both,Y000_014,933,543
Mzimba,CY2019Q2,female,Y015_999,8800,7872
Mzimba,CY2019Q2,male,Y015_999,5134,4487
Mzimba,CY2019Q3,both,Y000_014,991,620
Mzimba,CY2019Q3,female,Y015_999,9748,8838
Mzimba,CY2019Q3,male,Y015_999,5631,5090
Mzimba,CY2019Q4,both,Y000_014,1068,672
Mzimba,CY2019Q4,female,Y015_999,10673,9680
Mzimba,CY2019Q4,male,Y015_999,6068,5529
Mzimba,CY2020Q1,both,Y000_014,997,635
Mzimba,CY2020Q1,female,Y015_999,9789,8909
Mzimba,CY2020Q1,male,Y015_999,5385,4949
Mzimba,CY2020Q2,both,Y000_014,944,621
Mzimba,CY2020Q2,female,Y015_999,9884,9228
Mzimba,CY2020Q2,male,Y015_999,5677,5355
Mzimba,CY2020Q3,both,Y000_014,832,560
Mzimba,CY2020Q3,female,Y015_999,8951,8406
Mzimba,CY2020Q3,male,Y015_999,4999,4702
Mzimba,CY2020Q4,both,Y000_014,833,586
Mzimba,CY2020Q4,female,Y015_999,9835,9308
Mzimba,CY2020Q4,male,Y015_999,5467,5134
Mzimba,CY2021Q1,both,Y000_014,754,555
Mzimba,CY2021Q1,female,Y015_999,9382,8974
Mzimba,CY2021Q1,male,Y015_999,5187,4900
Neno,CY2017Q4,both,Y000_014,60,33
Neno,CY2017Q4,female,Y015_999,333,356
Neno,CY2017Q4,male,Y015_999,164,172
Neno,CY2018Q1,both,Y000_014,77,26
Neno,CY2018Q1,female,Y015_999,321,328
Neno,CY2018Q1,male,Y015_999,190,145
Neno,CY2018Q2,both,Y000_014,66,32
Neno,CY2018Q2,female,Y015_999,387,294
Neno,CY2018Q2,male,Y015_999,215,148
Neno,CY2018Q3,both,Y000_014,62,34
Neno,CY2018Q3,female,Y015_999,339,269
Neno,CY2018Q3,male,Y015_999,179,190
Neno,CY2018Q4,both,Y000_014,44,25
Neno,CY2018Q4,female,Y015_999,481,429
Neno,CY2018Q4,male,Y015_999,230,202
Neno,CY2019Q1,both,Y000_014,237,114
Neno,CY2019Q1,female,Y015_999,1944,1700
Neno,CY2019Q1,male,Y015_999,1046,876
Neno,CY2019Q2,both,Y000_014,351,194
Neno,CY2019Q2,female,Y015_999,3857,3518
Neno,CY2019Q2,male,Y015_999,1837,1628
Neno,CY2019Q3,both,Y000_014,302,194
Neno,CY2019Q3,female,Y015_999,3982,3682
Neno,CY2019Q3,male,Y015_999,1925,1762
Neno,CY2019Q4,both,Y000_014,277,184
Neno,CY2019Q4,female,Y015_999,3727,3431
Neno,CY2019Q4,male,Y015_999,1867,1708
Neno,CY2020Q1,both,Y000_014,216,146
Neno,CY2020Q1,female,Y015_999,3197,2944
Neno,CY2020Q1,male,Y015_999,1571,1446
Neno,CY2020Q2,both,Y000_014,103,74
Neno,CY2020Q2,female,Y015_999,1537,1434
Neno,CY2020Q2,male,Y015_999,916,873
Neno,CY2020Q3,both,Y000_014,128,96
Neno,CY2020Q3,female,Y015_999,1852,1765
Neno,CY2020Q3,male,Y015_999,973,926
Neno,CY2020Q4,both,Y000_014,122,93
Neno,CY2020Q4,female,Y015_999,2516,2396
Neno,CY2020Q4,male,Y015_999,1313,1247
Neno,CY2021Q1,both,Y000_014,121,98
Neno,CY2021Q1,female,Y015_999,2632,2502
Neno,CY2021Q1,male,Y015_999,1353,1286
Nkhata Bay,CY2017Q4,both,Y000_014,62,33
Nkhata Bay,CY2017Q4,female,Y015_999,477,503
Nkhata Bay,CY2017Q4,male,Y015_999,316,356
Nkhata Bay,CY2018Q1,both,Y000_014,61,34
Nkhata Bay,CY2018Q1,female,Y015_999,590,423
Nkhata Bay,CY2018Q1,male,Y015_999,359,260
Nkhata Bay,CY2018Q2,both,Y000_014,73,39
Nkhata Bay,CY2018Q2,female,Y015_999,465,555
Nkhata Bay,CY2018Q2,male,Y015_999,311,313
Nkhata Bay,CY2018Q3,both,Y000_014,70,40
Nkhata Bay,CY2018Q3,female,Y015_999,556,494
Nkhata Bay,CY2018Q3,male,Y015_999,305,348
Nkhata Bay,CY2018Q4,both,Y000_014,80,45
Nkhata Bay,CY2018Q4,female,Y015_999,629,571
Nkhata Bay,CY2018Q4,male,Y015_999,385,345
Nkhata Bay,CY2019Q1,both,Y000_014,327,172
Nkhata Bay,CY2019Q1,female,Y015_999,2874,2444
Nkhata Bay,CY2019Q1,male,Y015_999,1824,1525
Nkhata Bay,CY2019Q2,both,Y000_014,376,187
Nkhata Bay,CY2019Q2,female,Y015_999,3238,2767
Nkhata Bay,CY2019Q2,male,Y015_999,1972,1666
Nkhata Bay,CY2019Q3,both,Y000_014,391,202
Nkhata Bay,CY2019Q3,female,Y015_999,3733,3249
Nkhata Bay,CY2019Q3,male,Y015_999,2301,1999
Nkhata Bay,CY2019Q4,both,Y000_014,403,211
Nkhata Bay,CY2019Q4,female,Y015_999,3992,3473
Nkhata Bay,CY2019Q4,male,Y015_999,2435,2109
Nkhata Bay,CY2020Q1,both,Y000_014,410,214
Nkhata Bay,CY2020Q1,female,Y015_999,3882,3393
Nkhata Bay,CY2020Q1,male,Y015_999,2296,2013
Nkhata Bay,CY2020Q2,both,Y000_014,391,216
Nkhata Bay,CY2020Q2,female,Y015_999,3699,3368
Nkhata Bay,CY2020Q2,male,Y015_999,2223,2019
Nkhata Bay,CY2020Q3,both,Y000_014,361,213
Nkhata Bay,CY2020Q3,female,Y015_999,3393,3117
Nkhata Bay,CY2020Q3,male,Y015_999,1978,1802
Nkhata Bay,CY2020Q4,both,Y000_014,348,223
Nkhata Bay,CY2020Q4,female,Y015_999,3606,3328
Nkhata Bay,CY2020Q4,male,Y015_999,2082,1897
Nkhata Bay,CY2021Q1,both,Y000_014,289,206
Nkhata Bay,CY2021Q1,female,Y015_999,3319,3113
Nkhata Bay,CY2021Q1,male,Y015_999,1968,1819
Nkhotakota,CY2017Q4,both,Y000_014,80,39
Nkhotakota,CY2017Q4,female,Y015_999,747,657
Nkhotakota,CY2017Q4,male,Y015_999,416,369
Nkhotakota,CY2018Q1,both,Y000_014,89,44
Nkhotakota,CY2018Q1,female,Y015_999,664,496
Nkhotakota,CY2018Q1,male,Y015_999,373,265
Nkhotakota,CY2018Q2,both,Y000_014,73,38
Nkhotakota,CY2018Q2,female,Y015_999,680,647
Nkhotakota,CY2018Q2,male,Y015_999,359,318
Nkhotakota,CY2018Q3,both,Y000_014,64,35
Nkhotakota,CY2018Q3,female,Y015_999,750,498
Nkhotakota,CY2018Q3,male,Y015_999,303,301
Nkhotakota,CY2018Q4,both,Y000_014,91,43
Nkhotakota,CY2018Q4,female,Y015_999,710,623
Nkhotakota,CY2018Q4,male,Y015_999,371,305
Nkhotakota,CY2019Q1,both,Y000_014,365,172
Nkhotakota,CY2019Q1,female,Y015_999,2970,2524
Nkhotakota,CY2019Q1,male,Y015_999,1695,1404
Nkhotakota,CY2019Q2,both,Y000_014,457,221
Nkhotakota,CY2019Q2,female,Y015_999,4175,3647
Nkhotakota,CY2019Q2,male,Y015_999,2311,1959
Nkhotakota,CY2019Q3,both,Y000_014,545,287
Nkhotakota,CY2019Q3,female,Y015_999,5402,4737
Nkhotakota,CY2019Q3,male,Y015_999,3073,2656
Nkhotakota,CY2019Q4,both,Y000_014,647,327
Nkhotakota,CY2019Q4,female,Y015_999,5893,5167
Nkhotakota,CY2019Q4,male,Y015_999,3435,3011
Nkhotakota,CY2020Q1,both,Y000_014,644,338
Nkhotakota,CY2020Q1,female,Y015_999,6018,5309
Nkhotakota,CY2020Q1,male,Y015_999,3431,3038
Nkhotakota,CY2020Q2,both,Y000_014,603,337
Nkhotakota,CY2020Q2,female,Y015_999,5385,4891
Nkhotakota,CY2020Q2,male,Y015_999,3160,2910
Nkhotakota,CY2020Q3,both,Y000_014,546,325
Nkhotakota,CY2020Q3,female,Y015_999,5064,4652
Nkhotakota,CY2020Q3,male,Y015_999,2853,2643
Nkhotakota,CY2020Q4,both,Y000_014,554,356
Nkhotakota,CY2020Q4,female,Y015_999,5604,5242
Nkhotakota,CY2020Q4,male,Y015_999,3219,3017
Nkhotakota,CY2021Q1,both,Y000_014,552,364
Nkhotakota,CY2021Q1,female,Y015_999,5707,5346
Nkhotakota,CY2021Q1,male,Y015_999,3254,3018
Nsanje,CY2017Q4,both,Y000_014,183,85
Nsanje,CY2017Q4,female,Y015_999,1669,1089
Nsanje,CY2017Q4,male,Y015_999,580,575
Nsanje,CY2018Q1,both,Y000_014,161,90
Nsanje,CY2018Q1,female,Y015_999,1425,1247
Nsanje,CY2018Q1,male,Y015_999,551,645
Nsanje,CY2018Q2,both,Y000_014,207,66
Nsanje,CY2018Q2,female,Y015_999,1187,1090
Nsanje,CY2018Q2,male,Y015_999,649,531
Nsanje,CY2018Q3,both,Y000_014,202,87
Nsanje,CY2018Q3,female,Y015_999,1546,1452
Nsanje,CY2018Q3,male,Y015_999,631,657
Nsanje,CY2018Q4,both,Y000_014,215,90
Nsanje,CY2018Q4,female,Y015_999,1250,1053
Nsanje,CY2018Q4,male,Y015_999,564,467
Nsanje,CY2019Q1,both,Y000_014,858,339
Nsanje,CY2019Q1,female,Y015_999,6021,5081
Nsanje,CY2019Q1,male,Y015_999,2724,2257
Nsanje,CY2019Q2,both,Y000_014,995,417
Nsanje,CY2019Q2,female,Y015_999,7214,6251
Nsanje,CY2019Q2,male,Y015_999,3223,2764
Nsanje,CY2019Q3,both,Y000_014,1103,532
Nsanje,CY2019Q3,female,Y015_999,9095,8151
Nsanje,CY2019Q3,male,Y015_999,3999,3583
Nsanje,CY2019Q4,both,Y000_014,1280,640
Nsanje,CY2019Q4,female,Y015_999,10478,9412
Nsanje,CY2019Q4,male,Y015_999,4658,4222
Nsanje,CY2020Q1,both,Y000_014,1309,698
Nsanje,CY2020Q1,female,Y015_999,11730,10636
Nsanje,CY2020Q1,male,Y015_999,5048,4582
Nsanje,CY2020Q2,both,Y000_014,1193,700
Nsanje,CY2020Q2,female,Y015_999,10074,9455
Nsanje,CY2020Q2,male,Y015_999,4734,4423
Nsanje,CY2020Q3,both,Y000_014,1149,720
Nsanje,CY2020Q3,female,Y015_999,10134,9539
Nsanje,CY2020Q3,male,Y015_999,4270,3994
Nsanje,CY2020Q4,both,Y000_014,1201,790
Nsanje,CY2020Q4,female,Y015_999,11367,10726
Nsanje,CY2020Q4,male,Y015_999,4991,4663
Nsanje,CY2021Q1,both,Y000_014,1262,825
Nsanje,CY2021Q1,female,Y015_999,11753,10838
Nsanje,CY2021Q1,male,Y015_999,5137,4693
Ntcheu,CY2017Q4,both,Y000_014,164,75
Ntcheu,CY2017Q4,female,Y015_999,1373,1261
Ntcheu,CY2017Q4,male,Y015_999,783,477
Ntcheu,CY2018Q1,both,Y000_014,155,81
Ntcheu,CY2018Q1,female,Y015_999,1130,1281
Ntcheu,CY2018Q1,male,Y015_999,547,554
Ntcheu,CY2018Q2,both,Y000_014,158,91
Ntcheu,CY2018Q2,female,Y015_999,1671,1471
Ntcheu,CY2018Q2,male,Y015_999,559,621
Ntcheu,CY2018Q3,both,Y000_014,150,76
Ntcheu,CY2018Q3,female,Y015_999,1316,1227
Ntcheu,CY2018Q3,male,Y015_999,594,538
Ntcheu,CY2018Q4,both,Y000_014,244,137
Ntcheu,CY2018Q4,female,Y015_999,1960,1818
Ntcheu,CY2018Q4,male,Y015_999,853,783
Ntcheu,CY2019Q1,both,Y000_014,845,441
Ntcheu,CY2019Q1,female,Y015_999,7172,6415
Ntcheu,CY2019Q1,male,Y015_999,3323,2916
Ntcheu,CY2019Q2,both,Y000_014,1047,562
Ntcheu,CY2019Q2,female,Y015_999,8818,7855
Ntcheu,CY2019Q2,male,Y015_999,4025,3548
Ntcheu,CY2019Q3,both,Y000_014,1186,672
Ntcheu,CY2019Q3,female,Y015_999,10917,9914
Ntcheu,CY2019Q3,male,Y015_999,4978,4491
Ntcheu,CY2019Q4,both,Y000_014,1300,775
Ntcheu,CY2019Q4,female,Y015_999,12533,11450
Ntcheu,CY2019Q4,male,Y015_999,5734,5222
Ntcheu,CY2020Q1,both,Y000_014,1259,790
Ntcheu,CY2020Q1,female,Y015_999,12943,11867
Ntcheu,CY2020Q1,male,Y015_999,5837,5336
Ntcheu,CY2020Q2,both,Y000_014,1183,785
Ntcheu,CY2020Q2,female,Y015_999,12009,11285
Ntcheu,CY2020Q2,male,Y015_999,5435,5107
Ntcheu,CY2020Q3,both,Y000_014,986,686
Ntcheu,CY2020Q3,female,Y015_999,10192,9616
Ntcheu,CY2020Q3,male,Y015_999,4451,4193
Ntcheu,CY2020Q4,both,Y000_014,1071,796
Ntcheu,CY2020Q4,female,Y015_999,12132,11538
Ntcheu,CY2020Q4,male,Y015_999,5529,5218
Ntcheu,CY2021Q1,both,Y000_014,883,658
Ntcheu,CY2021Q1,female,Y015_999,11420,10878
Ntcheu,CY2021Q1,male,Y015_999,5290,5020
Ntchisi,CY2017Q4,both,Y000_014,29,22
Ntchisi,CY2017Q4,female,Y015_999,273,295
Ntchisi,CY2017Q4,male,Y015_999,140,154
Ntchisi,CY2018Q1,both,Y000_014,31,23
Ntchisi,CY2018Q1,female,Y015_999,333,241
Ntchisi,CY2018Q1,male,Y015_999,144,148
Ntchisi,CY2018Q2,both,Y000_014,39,23
Ntchisi,CY2018Q2,female,Y015_999,265,278
Ntchisi,CY2018Q2,male,Y015_999,145,174
Ntchisi,CY2018Q3,both,Y000_014,40,16
Ntchisi,CY2018Q3,female,Y015_999,287,308
Ntchisi,CY2018Q3,male,Y015_999,193,156
Ntchisi,CY2018Q4,both,Y000_014,58,31
Ntchisi,CY2018Q4,female,Y015_999,410,370
Ntchisi,CY2018Q4,male,Y015_999,281,255
Ntchisi,CY2019Q1,both,Y000_014,227,108
Ntchisi,CY2019Q1,female,Y015_999,1820,1603
Ntchisi,CY2019Q1,male,Y015_999,1080,929
Ntchisi,CY2019Q2,both,Y000_014,262,126
Ntchisi,CY2019Q2,female,Y015_999,2015,1780
Ntchisi,CY2019Q2,male,Y015_999,1163,1012
Ntchisi,CY2019Q3,both,Y000_014,258,141
Ntchisi,CY2019Q3,female,Y015_999,2197,1965
Ntchisi,CY2019Q3,male,Y015_999,1272,1136
Ntchisi,CY2019Q4,both,Y000_014,282,159
Ntchisi,CY2019Q4,female,Y015_999,2508,2278
Ntchisi,CY2019Q4,male,Y015_999,1413,1280
Ntchisi,CY2020Q1,both,Y000_014,271,173
Ntchisi,CY2020Q1,female,Y015_999,2424,2230
Ntchisi,CY2020Q1,male,Y015_999,1379,1282
Ntchisi,CY2020Q2,both,Y000_014,256,192
Ntchisi,CY2020Q2,female,Y015_999,2384,2267
Ntchisi,CY2020Q2,male,Y015_999,1404,1340
Ntchisi,CY2020Q3,both,Y000_014,238,186
Ntchisi,CY2020Q3,female,Y015_999,2434,2325
Ntchisi,CY2020Q3,male,Y015_999,1385,1323
Ntchisi,CY2020Q4,both,Y000_014,246,189
Ntchisi,CY2020Q4,female,Y015_999,2637,2499
Ntchisi,CY2020Q4,male,Y015_999,1504,1420
Ntchisi,CY2021Q1,both,Y000_014,212,161
Ntchisi,CY2021Q1,female,Y015_999,2553,2405
Ntchisi,CY2021Q1,male,Y015_999,1447,1353
Phalombe,CY2017Q4,both,Y000_014,279,170
Phalombe,CY2017Q4,female,Y015_999,2643,2835
Phalombe,CY2017Q4,male,Y015_999,966,856
Phalombe,CY2018Q1,both,Y000_014,376,194
Phalombe,CY2018Q1,female,Y015_999,2439,3036
Phalombe,CY2018Q1,male,Y015_999,1083,958
Phalombe,CY2018Q2,both,Y000_014,369,163
Phalombe,CY2018Q2,female,Y015_999,3002,2604
Phalombe,CY2018Q2,male,Y015_999,1098,850
Phalombe,CY2018Q3,both,Y000_014,376,210
Phalombe,CY2018Q3,female,Y015_999,2337,3166
Phalombe,CY2018Q3,male,Y015_999,1112,1111
Phalombe,CY2018Q4,both,Y000_014,293,180
Phalombe,CY2018Q4,female,Y015_999,2066,1971
Phalombe,CY2018Q4,male,Y015_999,1054,945
Phalombe,CY2019Q1,both,Y000_014,1387,760
Phalombe,CY2019Q1,female,Y015_999,11912,10882
Phalombe,CY2019Q1,male,Y015_999,4974,4279
Phalombe,CY2019Q2,both,Y000_014,1615,869
Phalombe,CY2019Q2,female,Y015_999,12630,11522
Phalombe,CY2019Q2,male,Y015_999,5395,4665
Phalombe,CY2019Q3,both,Y000_014,1497,835
Phalombe,CY2019Q3,female,Y015_999,12252,11136
Phalombe,CY2019Q3,male,Y015_999,5250,4619
Phalombe,CY2019Q4,both,Y000_014,1624,904
Phalombe,CY2019Q4,female,Y015_999,13570,12334
Phalombe,CY2019Q4,male,Y015_999,5514,4897
Phalombe,CY2020Q1,both,Y000_014,1751,992
Phalombe,CY2020Q1,female,Y015_999,14699,13421
Phalombe,CY2020Q1,male,Y015_999,5895,5285
Phalombe,CY2020Q2,both,Y000_014,1694,1045
Phalombe,CY2020Q2,female,Y015_999,13898,13190
Phalombe,CY2020Q2,male,Y015_999,5541,5218
Phalombe,CY2020Q3,both,Y000_014,1659,1113
Phalombe,CY2020Q3,female,Y015_999,12578,12162
Phalombe,CY2020Q3,male,Y015_999,4787,4601
Phalombe,CY2020Q4,both,Y000_014,1918,1375
Phalombe,CY2020Q4,female,Y015_999,15535,15068
Phalombe,CY2020Q4,male,Y015_999,6089,5865
Phalombe,CY2021Q1,both,Y000_014,2037,1501
Phalombe,CY2021Q1,female,Y015_999,16711,16236
Phalombe,CY2021Q1,male,Y015_999,6731,6474
Rumphi,CY2017Q4,both,Y000_014,69,33
Rumphi,CY2017Q4,female,Y015_999,430,301
Rumphi,CY2017Q4,male,Y015_999,242,254
Rumphi,CY2018Q1,both,Y000_014,48,37
Rumphi,CY2018Q1,female,Y015_999,453,359
Rumphi,CY2018Q1,male,Y015_999,197,187
Rumphi,CY2018Q2,both,Y000_014,55,39
Rumphi,CY2018Q2,female,Y015_999,361,404
Rumphi,CY2018Q2,male,Y015_999,278,170
Rumphi,CY2018Q3,both,Y000_014,50,28
Rumphi,CY2018Q3,female,Y015_999,399,349
Rumphi,CY2018Q3,male,Y015_999,284,195
Rumphi,CY2018Q4,both,Y000_014,81,50
Rumphi,CY2018Q4,female,Y015_999,608,571
Rumphi,CY2018Q4,male,Y015_999,378,347
Rumphi,CY2019Q1,both,Y000_014,301,175
Rumphi,CY2019Q1,female,Y015_999,2259,2013
Rumphi,CY2019Q1,male,Y015_999,1389,1227
Rumphi,CY2019Q2,both,Y000_014,346,206
Rumphi,CY2019Q2,female,Y015_999,2786,2467
Rumphi,CY2019Q2,male,Y015_999,1728,1527
Rumphi,CY2019Q3,both,Y000_014,382,221
Rumphi,CY2019Q3,female,Y015_999,3138,2785
Rumphi,CY2019Q3,male,Y015_999,1972,1730
Rumphi,CY2019Q4,both,Y000_014,390,224
Rumphi,CY2019Q4,female,Y015_999,3301,2934
Rumphi,CY2019Q4,male,Y015_999,2057,1807
Rumphi,CY2020Q1,both,Y000_014,380,222
Rumphi,CY2020Q1,female,Y015_999,3158,2792
Rumphi,CY2020Q1,male,Y015_999,1960,1722
Rumphi,CY2020Q2,both,Y000_014,366,241
Rumphi,CY2020Q2,female,Y015_999,3159,2934
Rumphi,CY2020Q2,male,Y015_999,1865,1756
Rumphi,CY2020Q3,both,Y000_014,297,205
Rumphi,CY2020Q3,female,Y015_999,2751,2568
Rumphi,CY2020Q3,male,Y015_999,1666,1583
Rumphi,CY2020Q4,both,Y000_014,340,241
Rumphi,CY2020Q4,female,Y015_999,3284,3078
Rumphi,CY2020Q4,male,Y015_999,1971,1856
Rumphi,CY2021Q1,both,Y000_014,305,222
Rumphi,CY2021Q1,female,Y015_999,3048,2885
Rumphi,CY2021Q1,male,Y015_999,1830,1723
Salima,CY2017Q4,both,Y000_014,142,76
Salima,CY2017Q4,female,Y015_999,979,996
Salima,CY2017Q4,male,Y015_999,556,455
Salima,CY2018Q1,both,Y000_014,160,71
Salima,CY2018Q1,female,Y015_999,1289,887
Salima,CY2018Q1,male,Y015_999,658,440
Salima,CY2018Q2,both,Y000_014,170,75
Salima,CY2018Q2,female,Y015_999,1344,1242
Salima,CY2018Q2,male,Y015_999,551,522
Salima,CY2018Q3,both,Y000_014,120,63
Salima,CY2018Q3,female,Y015_999,1203,901
Salima,CY2018Q3,male,Y015_999,490,451
Salima,CY2018Q4,both,Y000_014,235,125
Salima,CY2018Q4,female,Y015_999,1342,1242
Salima,CY2018Q4,male,Y015_999,658,579
Salima,CY2019Q1,both,Y000_014,773,356
Salima,CY2019Q1,female,Y015_999,5667,4944
Salima,CY2019Q1,male,Y015_999,2874,2418
Salima,CY2019Q2,both,Y000_014,853,414
Salima,CY2019Q2,female,Y015_999,6250,5545
Salima,CY2019Q2,male,Y015_999,3099,2686
Salima,CY2019Q3,both,Y000_014,816,413
Salima,CY2019Q3,female,Y015_999,6714,6060
Salima,CY2019Q3,male,Y015_999,3259,2896
Salima,CY2019Q4,both,Y000_014,978,534
Salima,CY2019Q4,female,Y015_999,7938,7174
Salima,CY2019Q4,male,Y015_999,3904,3540
Salima,CY2020Q1,both,Y000_014,1002,583
Salima,CY2020Q1,female,Y015_999,8615,7832
Salima,CY2020Q1,male,Y015_999,4103,3775
Salima,CY2020Q2,both,Y000_014,937,578
Salima,CY2020Q2,female,Y015_999,7320,6855
Salima,CY2020Q2,male,Y015_999,3859,3657
Salima,CY2020Q3,both,Y000_014,850,547
Salima,CY2020Q3,female,Y015_999,6698,6311
Salima,CY2020Q3,male,Y015_999,3273,3114
Salima,CY2020Q4,both,Y000_014,832,577
Salima,CY2020Q4,female,Y015_999,7225,6855
Salima,CY2020Q4,male,Y015_999,3355,3201
Salima,CY2021Q1,both,Y000_014,826,592
Salima,CY2021Q1,female,Y015_999,7645,7273
Salima,CY2021Q1,male,Y015_999,3588,3400
Thyolo,CY2017Q4,both,Y000_014,385,190
Thyolo,CY2017Q4,female,Y015_999,2975,2507
Thyolo,CY2017Q4,male,Y015_999,1583,1083
Thyolo,CY2018Q1,both,Y000_014,362,265
Thyolo,CY2018Q1,female,Y015_999,3645,2902
Thyolo,CY2018Q1,male,Y015_999,1510,1408
Thyolo,CY2018Q2,both,Y000_014,340,221
Thyolo,CY2018Q2,female,Y015_999,3745,2412
Thyolo,CY2018Q2,male,Y015_999,1070,1070
Thyolo,CY2018Q3,both,Y000_014,360,185
Thyolo,CY2018Q3,female,Y015_999,2947,2919
Thyolo,CY2018Q3,male,Y015_999,1077,1328
Thyolo,CY2018Q4,both,Y000_014,512,318
Thyolo,CY2018Q4,female,Y015_999,4562,4351
Thyolo,CY2018Q4,male,Y015_999,2073,1945
Thyolo,CY2019Q1,both,Y000_014,1856,976
Thyolo,CY2019Q1,female,Y015_999,16607,14285
Thyolo,CY2019Q1,male,Y015_999,7384,6115
Thyolo,CY2019Q2,both,Y000_014,2008,1056
Thyolo,CY2019Q2,female,Y015_999,17731,15466
Thyolo,CY2019Q2,male,Y015_999,7973,6752
Thyolo,CY2019Q3,both,Y000_014,2026,1162
Thyolo,CY2019Q3,female,Y015_999,19388,17639
Thyolo,CY2019Q3,male,Y015_999,8790,7927
Thyolo,CY2019Q4,both,Y000_014,2311,1325
Thyolo,CY2019Q4,female,Y015_999,22038,20054
Thyolo,CY2019Q4,male,Y015_999,10011,9082
Thyolo,CY2020Q1,both,Y000_014,2276,1390
Thyolo,CY2020Q1,female,Y015_999,23121,21285
Thyolo,CY2020Q1,male,Y015_999,10480,9699
Thyolo,CY2020Q2,both,Y000_014,2411,1591
Thyolo,CY2020Q2,female,Y015_999,25988,24749
Thyolo,CY2020Q2,male,Y015_999,11645,11089
Thyolo,CY2020Q3,both,Y000_014,1975,1386
Thyolo,CY2020Q3,female,Y015_999,22630,21758
Thyolo,CY2020Q3,male,Y015_999,10153,9753
Thyolo,CY2020Q4,both,Y000_014,2114,1547
Thyolo,CY2020Q4,female,Y015_999,25018,24116
Thyolo,CY2020Q4,male,Y015_999,11155,10711
Thyolo,CY2021Q1,both,Y000_014,2181,1686
Thyolo,CY2021Q1,female,Y015_999,27515,26772
Thyolo,CY2021Q1,male,Y015_999,12190,11779
Zomba,CY2017Q4,both,Y000_014,277,158
Zomba,CY2017Q4,female,Y015_999,2581,2764
Zomba,CY2017Q4,male,Y015_999,1046,924
Zomba,CY2018Q1,both,Y000_014,300,166
Zomba,CY2018Q1,female,Y015_999,3197,2273
Zomba,CY2018Q1,male,Y015_999,1174,1268
Zomba,CY2018Q2,both,Y000_014,337,175
Zomba,CY2018Q2,female,Y015_999,2745,2608
Zomba,CY2018Q2,male,Y015_999,1280,1087
Zomba,CY2018Q3,both,Y000_014,335,183
Zomba,CY2018Q3,female,Y015_999,2586,2322
Zomba,CY2018Q3,male,Y015_999,1176,1168
Zomba,CY2018Q4,both,Y000_014,296,189
Zomba,CY2018Q4,female,Y015_999,2258,2092
Zomba,CY2018Q4,male,Y015_999,1134,1032
Zomba,CY2019Q1,both,Y000_014,1516,844
Zomba,CY2019Q1,female,Y015_999,12736,11384
Zomba,CY2019Q1,male,Y015_999,5766,4971
Zomba,CY2019Q2,both,Y000_014,1814,1039
Zomba,CY2019Q2,female,Y015_999,15748,14101
Zomba,CY2019Q2,male,Y015_999,7064,6157
Zomba,CY2019Q3,both,Y000_014,1802,1047
Zomba,CY2019Q3,female,Y015_999,17094,15264
Zomba,CY2019Q3,male,Y015_999,7640,6758
Zomba,CY2019Q4,both,Y000_014,1973,1136
Zomba,CY2019Q4,female,Y015_999,18382,16458
Zomba,CY2019Q4,male,Y015_999,8223,7352
Zomba,CY2020Q1,both,Y000_014,1852,1094
Zomba,CY2020Q1,female,Y015_999,18481,16495
Zomba,CY2020Q1,male,Y015_999,8291,7419
Zomba,CY2020Q2,both,Y000_014,1607,1068
Zomba,CY2020Q2,female,Y015_999,15809,14782
Zomba,CY2020Q2,male,Y015_999,7699,7251
Zomba,CY2020Q3,both,Y000_014,1469,1078
Zomba,CY2020Q3,female,Y015_999,14905,14195
Zomba,CY2020Q3,male,Y015_999,7092,6778
Zomba,CY2020Q4,both,Y000_014,1606,1229
Zomba,CY2020Q4,female,Y015_999,17284,16575
Zomba,CY2020Q4,male,Y015_999,8041,7687
Zomba,CY2021Q1,both,Y000_014,1711,1333
Zomba,CY2021Q1,female,Y015_999,18040,17327
Zomba,CY2021Q1,male,Y015_999,8306,7940
Blantyre City,CY2017Q4,both,Y000_014,342,258
Blantyre City,CY2017Q4,female,Y015_999,3652,2983
Blantyre City,CY2017Q4,male,Y015_999,2110,1425
Blantyre City,CY2018Q1,both,Y000_014,466,232
Blantyre City,CY2018Q1,female,Y015_999,2996,3142
Blantyre City,CY2018Q1,male,Y015_999,1768,1805
Blantyre City,CY2018Q2,both,Y000_014,426,206
Blantyre City,CY2018Q2,female,Y015_999,3289,3203
Blantyre City,CY2018Q2,male,Y015_999,1512,1525
Blantyre City,CY2018Q3,both,Y000_014,416,260
Blantyre City,CY2018Q3,female,Y015_999,3195,2794
Blantyre City,CY2018Q3,male,Y015_999,1711,1734
Blantyre City,CY2018Q4,both,Y000_014,532,345
Blantyre City,CY2018Q4,female,Y015_999,4535,4187
Blantyre City,CY2018Q4,male,Y015_999,2326,2090
Blantyre City,CY2019Q1,both,Y000_014,1882,1077
Blantyre City,CY2019Q1,female,Y015_999,17130,14797
Blantyre City,CY2019Q1,male,Y015_999,8914,7405
Blantyre City,CY2019Q2,both,Y000_014,2082,1247
Blantyre City,CY2019Q2,female,Y015_999,18441,16202
Blantyre City,CY2019Q2,male,Y015_999,9720,8308
Blantyre City,CY2019Q3,both,Y000_014,2531,1628
Blantyre City,CY2019Q3,female,Y015_999,23913,21610
Blantyre City,CY2019Q3,male,Y015_999,12343,11011
Blantyre City,CY2019Q4,both,Y000_014,2401,1572
Blantyre City,CY2019Q4,female,Y015_999,22823,20717
Blantyre City,CY2019Q4,male,Y015_999,11450,10310
Blantyre City,CY2020Q1,both,Y000_014,2621,1737
Blantyre City,CY2020Q1,female,Y015_999,26330,24191
Blantyre City,CY2020Q1,male,Y015_999,12132,11127
Blantyre City,CY2020Q2,both,Y000_014,2314,1561
Blantyre City,CY2020Q2,female,Y015_999,23476,21949
Blantyre City,CY2020Q2,male,Y015_999,10596,9899
Blantyre City,CY2020Q3,both,Y000_014,1980,1343
Blantyre City,CY2020Q3,female,Y015_999,19980,18643
Blantyre City,CY2020Q3,male,Y015_999,9111,8458
Blantyre City,CY2020Q4,both,Y000_014,1705,1194
Blantyre City,CY2020Q4,female,Y015_999,18531,17396
Blantyre City,CY2020Q4,male,Y015_999,9246,8642
Blantyre City,CY2021Q1,both,Y000_014,1610,1159
Blantyre City,CY2021Q1,female,Y015_999,18712,17596
Blantyre City,CY2021Q1,male,Y015_999,9424,8822
Lilongwe City,CY2017Q4,both,Y000_014,728,418
Lilongwe City,CY2017Q4,female,Y015_999,4085,3854
Lilongwe City,CY2017Q4,male,Y015_999,2572,2640
Lilongwe City,CY2018Q1,both,Y000_014,556,381
Lilongwe City,CY2018Q1,female,Y015_999,5294,4834
Lilongwe City,CY2018Q1,male,Y015_999,2722,1983
Lilongwe City,CY2018Q2,both,Y000_014,607,345
Lilongwe City,CY2018Q2,female,Y015_999,5552,4502
Lilongwe City,CY2018Q2,male,Y015_999,3142,2316
Lilongwe City,CY2018Q3,both,Y000_014,571,418
Lilongwe City,CY2018Q3,female,Y015_999,4186,3979
Lilongwe City,CY2018Q3,male,Y015_999,2594,2680
Lilongwe City,CY2018Q4,both,Y000_014,646,422
Lilongwe City,CY2018Q4,female,Y015_999,5478,5094
Lilongwe City,CY2018Q4,male,Y015_999,3209,2927
Lilongwe City,CY2019Q1,both,Y000_014,2648,1716
Lilongwe City,CY2019Q1,female,Y015_999,19861,22224
Lilongwe City,CY2019Q1,male,Y015_999,11953,13230
Lilongwe City,CY2019Q2,both,Y000_014,3273,2134
Lilongwe City,CY2019Q2,female,Y015_999,26246,23121
Lilongwe City,CY2019Q2,male,Y015_999,15274,13230
Lilongwe City,CY2019Q3,both,Y000_014,3313,2234
Lilongwe City,CY2019Q3,female,Y015_999,29372,26283
Lilongwe City,CY2019Q3,male,Y015_999,16910,14994
Lilongwe City,CY2019Q4,both,Y000_014,3727,2565
Lilongwe City,CY2019Q4,female,Y015_999,37082,33579
Lilongwe City,CY2019Q4,male,Y015_999,21722,19682
Lilongwe City,CY2020Q1,both,Y000_014,3590,2492
Lilongwe City,CY2020Q1,female,Y015_999,34265,31119
Lilongwe City,CY2020Q1,male,Y015_999,19354,17598
Lilongwe City,CY2020Q2,both,Y000_014,2894,2071
Lilongwe City,CY2020Q2,female,Y015_999,24177,22702
Lilongwe City,CY2020Q2,male,Y015_999,19783,18636
Lilongwe City,CY2020Q3,both,Y000_014,2816,2052
Lilongwe City,CY2020Q3,female,Y015_999,29018,27458
Lilongwe City,CY2020Q3,male,Y015_999,17479,16580
Lilongwe City,CY2020Q4,both,Y000_014,2699,2052
Lilongwe City,CY2020Q4,female,Y015_999,29199,27732
Lilongwe City,CY2020Q4,male,Y015_999,17613,16715
Lilongwe City,CY2021Q1,both,Y000_014,2805,2162
Lilongwe City,CY2021Q1,female,Y015_999,32186,30754
Lilongwe City,CY2021Q1,male,Y015_999,19654,18670
Zomba City,CY2017Q4,both,Y000_014,131,74
Zomba City,CY2017Q4,female,Y015_999,1214,1301
Zomba City,CY2017Q4,male,Y015_999,492,435
Zomba City,CY2018Q1,both,Y000_014,141,78
Zomba City,CY2018Q1,female,Y015_999,1504,1070
Zomba City,CY2018Q1,male,Y015_999,552,596
Zomba City,CY2018Q2,both,Y000_014,158,82
Zomba City,CY2018Q2,female,Y015_999,1292,1227
Zomba City,CY2018Q2,male,Y015_999,602,512
Zomba City,CY2018Q3,both,Y000_014,157,86
Zomba City,CY2018Q3,female,Y015_999,1217,1093
Zomba City,CY2018Q3,male,Y015_999,553,549
Zomba City,CY2018Q4,both,Y000_014,140,89
Zomba City,CY2018Q4,female,Y015_999,1062,984
Zomba City,CY2018Q4,male,Y015_999,533,486
Zomba City,CY2019Q1,both,Y000_014,713,397
Zomba City,CY2019Q1,female,Y015_999,5994,5357
Zomba City,CY2019Q1,male,Y015_999,2713,2340
Zomba City,CY2019Q2,both,Y000_014,854,489
Zomba City,CY2019Q2,female,Y015_999,7411,6636
Zomba City,CY2019Q2,male,Y015_999,3324,2897
Zomba City,CY2019Q3,both,Y000_014,848,492
Zomba City,CY2019Q3,female,Y015_999,8044,7183
Zomba City,CY2019Q3,male,Y015_999,3595,3180
Zomba City,CY2019Q4,both,Y000_014,929,535
Zomba City,CY2019Q4,female,Y015_999,8650,7745
Zomba City,CY2019Q4,male,Y015_999,3870,3460
Zomba City,CY2020Q1,both,Y000_014,871,515
Zomba City,CY2020Q1,female,Y015_999,8697,7762
Zomba City,CY2020Q1,male,Y015_999,3902,3492
Zomba City,CY2020Q2,both,Y000_014,756,502
Zomba City,CY2020Q2,female,Y015_999,7440,6956
Zomba City,CY2020Q2,male,Y015_999,3623,3412
Zomba City,CY2020Q3,both,Y000_014,692,508
Zomba City,CY2020Q3,female,Y015_999,7014,6680
Zomba City,CY2020Q3,male,Y015_999,3338,3189
Zomba City,CY2020Q4,both,Y000_014,756,579
Zomba City,CY2020Q4,female,Y015_999,8134,7800
Zomba City,CY2020Q4,male,Y015_999,3784,3617
Zomba City,CY2021Q1,both,Y000_014,805,628
Zomba City,CY2021Q1,female,Y015_999,8490,8154
Zomba City,CY2021Q1,male,Y015_999,3908,3737
Mzuzu City,CY2017Q4,both,Y000_014,111,70
Mzuzu City,CY2017Q4,female,Y015_999,943,881
Mzuzu City,CY2017Q4,male,Y015_999,531,411
Mzuzu City,CY2018Q1,both,Y000_014,127,58
Mzuzu City,CY2018Q1,female,Y015_999,925,800
Mzuzu City,CY2018Q1,male,Y015_999,428,516
Mzuzu City,CY2018Q2,both,Y000_014,97,53
Mzuzu City,CY2018Q2,female,Y015_999,859,847
Mzuzu City,CY2018Q2,male,Y015_999,507,515
Mzuzu City,CY2018Q3,both,Y000_014,108,73
Mzuzu City,CY2018Q3,female,Y015_999,1005,832
Mzuzu City,CY2018Q3,male,Y015_999,552,475
Mzuzu City,CY2018Q4,both,Y000_014,154,101
Mzuzu City,CY2018Q4,female,Y015_999,1444,1354
Mzuzu City,CY2018Q4,male,Y015_999,867,803
Mzuzu City,CY2019Q1,both,Y000_014,558,306
Mzuzu City,CY2019Q1,female,Y015_999,5416,4820
Mzuzu City,CY2019Q1,male,Y015_999,3179,2728
Mzuzu City,CY2019Q2,both,Y000_014,667,389
Mzuzu City,CY2019Q2,female,Y015_999,6294,5630
Mzuzu City,CY2019Q2,male,Y015_999,3672,3210
Mzuzu City,CY2019Q3,both,Y000_014,709,444
Mzuzu City,CY2019Q3,female,Y015_999,6972,6322
Mzuzu City,CY2019Q3,male,Y015_999,4027,3640
Mzuzu City,CY2019Q4,both,Y000_014,764,480
Mzuzu City,CY2019Q4,female,Y015_999,7634,6924
Mzuzu City,CY2019Q4,male,Y015_999,4341,3955
Mzuzu City,CY2020Q1,both,Y000_014,713,455
Mzuzu City,CY2020Q1,female,Y015_999,7001,6373
Mzuzu City,CY2020Q1,male,Y015_999,3852,3539
Mzuzu City,CY2020Q2,both,Y000_014,675,445
Mzuzu City,CY2020Q2,female,Y015_999,7069,6601
Mzuzu City,CY2020Q2,male,Y015_999,4060,3831
Mzuzu City,CY2020Q3,both,Y000_014,595,401
Mzuzu City,CY2020Q3,female,Y015_999,6402,6013
Mzuzu City,CY2020Q3,male,Y015_999,3576,3364
Mzuzu City,CY2020Q4,both,Y000_014,596,419
Mzuzu City,CY2020Q4,female,Y015_999,7034,6657
Mzuzu City,CY2020Q4,male,Y015_999,3911,3672
Mzuzu City,CY2021Q1,both,Y000_014,539,397
Mzuzu City,CY2021Q1,female,Y015_999,6710,6419
Mzuzu City,CY2021Q1,male,Y015_999,3710,3505