iso3,area_id,map_level,map_name,map_id,map_source
BEN,BEN,0,Benin PSNU Placeholder,ohNhyTc0gIz,Datim
MWI,MWI_3_1_demo,3,Chitipa District,GkIwZrXy1h2,Datim
MWI,MWI_3_2_demo,3,Karonga District,cPtvxaZqXIH,Datim
MWI,MWI_3_5_demo,3,Nkhata Bay District,E7zpfyBt7Tw,Datim
MWI,MWI_3_3_demo,3,Rumphi District,lPTyjLi4w3d,Datim
MWI,MWI_3_4_demo,3,Mzimba District,vA4NcHxfMBq,Datim
MWI,MWI_3_6_demo,3,Likoma District,ZCjuwgaMB9u,Datim
MWI,MWI_3_8_demo,3,Kasungu District,JQKLKuVuY61,Datim
MWI,MWI_3_7_demo,3,Nkhotakota District,YCKiBAp8QAg,Datim
MWI,MWI_3_9_demo,3,Ntchisi District,fiRkU6gEjLz,Datim
MWI,MWI_3_10_demo,3,Dowa District,zphK9WV8JB4,Datim
MWI,MWI_3_11_demo,3,Salima District,msW2zpIN7up,Datim
MWI,MWI_3_13_demo,3,Lilongwe District,ScR9iFKAasW,Datim
MWI,MWI_3_12_demo,3,Mchinji District,kxuuIFpOXyO,Datim
MWI,MWI_3_14_demo,3,Dedza District,PekKUkKHAzY,Datim
MWI,MWI_3_15_demo,3,Ntcheu District,am530wpaGvr,Datim
MWI,MWI_3_16_demo,3,Mangochi District,lLDyBx5XyUi,Datim
MWI,MWI_3_17_demo,3,Machinga District,TYnMSwzko3z,Datim
MWI,MWI_3_19_demo,3,Zomba District,fyEoGEPERdI,Datim
MWI,MWI_3_21_demo,3,Mulanje District,umc2n1Z4wNv,Datim
MWI,MWI_3_20_demo,3,Phalombe District,AZyWpGzhcaA,Datim
MWI,MWI_3_18_demo,3,Balaka District,ir8wuHHzoSs,Datim
MWI,MWI_3_25_demo,3,Chiradzulu District,oiPR2CiVJbf,Datim
MWI,MWI_3_23_demo,3,Blantyre District,mxqa3CDFmIT,Datim
MWI,MWI_3_24_demo,3,Mwanza District,wNqJp8oRIcF,Datim
MWI,MWI_3_26_demo,3,Thyolo District,ul0y9diGujK,Datim
MWI,MWI_3_27_demo,3,Chikwawa District,U8c0so51kT6,Datim
MWI,MWI_3_28_demo,3,Nsanje District,rpw540fmNUz,Datim
MWI,MWI_3_22_demo,3,Neno District,gwVYinjBAe9,Datim
BDI,BDI_2_1,2,DS Bubanza,qrpxARG7Ni8,Datim
BDI,BDI_2_41,2,DS Bugarama,TI4M8sDhsQ6,Datim
BDI,BDI_2_20,2,DS Buhiga,VaEVqCu4frF,Datim
BDI,BDI_2_3,2,DS Bujumbura centre,tWHceAdIVWT,Datim
BDI,BDI_2_4,2,DS Bujumbura nord,DJDI6bs21uO,Datim
BDI,BDI_2_5,2,DS Bujumbura sud,msZN2t4uMr7,Datim
BDI,BDI_2_13,2,DS Bukinanyana,ayKSitsj5m2,Datim
BDI,BDI_2_9,2,DS Bururi,D133L5rAICA,Datim
BDI,BDI_2_25,2,DS Busoni,WtVU5QT0qz3,Datim
BDI,BDI_2_45,2,DS Butezi,M2iBIAQRVgL,Datim
BDI,BDI_2_38,2,DS Buye,lc94DaVHOUF,Datim
BDI,BDI_2_11,2,DS Cankuzo,reEMzTuXViP,Datim
BDI,BDI_2_14,2,DS Cibitoke,bYZn5upeWvZ,Datim
BDI,BDI_2_36,2,DS Fota,KuYbYubUe0R,Datim
BDI,BDI_2_22,2,DS Gahombo,TN4Xs50havw,Datim
BDI,BDI_2_33,2,DS Gashoho,isY2p78740h,Datim
BDI,BDI_2_43,2,DS Gihofi,qCSbzCl6SgA,Datim
BDI,BDI_2_16,2,DS Gitega,txk0bkCd1Qu,Datim
BDI,BDI_2_34,2,DS Giteranyi,CzJH5yMFDDL,Datim
BDI,BDI_2_6,2,DS Isale,Fhs1VSJaHJN,Datim
BDI,BDI_2_31,2,DS Kiganda,fyo5RAWAbzS,Datim
BDI,BDI_2_7,2,DS Kabezi,OtzdybaCj9J,Datim
BDI,BDI_2_23,2,DS Kayanza,VHyESl4FqZe,Datim
BDI,BDI_2_37,2,DS Kibumbu,KVgdXwYzZ2K,Datim
BDI,BDI_2_17,2,DS Kibuye,QM6l6rHTT5H,Datim
BDI,BDI_2_46,2,DS Kinyinya,oSiDcsypyOI,Datim
BDI,BDI_2_39,2,DS Kiremba,SHKNwZi9tpB,Datim
BDI,BDI_2_26,2,DS Kirundo,kqI0lzVvTpa,Datim
BDI,BDI_2_15,2,DS Mabayi,j5hHyMdj3tP,Datim
BDI,BDI_2_29,2,DS Makamba,BDfJLRZI6JM,Datim
BDI,BDI_2_10,2,DS Matana,D1LszDbXnYz,Datim
BDI,BDI_2_2,2,DS Mpanda,NvvIhQOAajp,Datim
BDI,BDI_2_27,2,DS Mukenke,GLOIxffOylG,Datim
BDI,BDI_2_32,2,DS Muramvya,EY5bbPLfUwO,Datim
BDI,BDI_2_12,2,DS Murore,UJJCc7l72Hc,Datim
BDI,BDI_2_24,2,DS Musema,vrQziAp3Be1,Datim
BDI,BDI_2_18,2,DS Mutaho,wzD3kEmtSnj,Datim
BDI,BDI_2_35,2,DS Muyinga,bRAFS0BaYNS,Datim
BDI,BDI_2_40,2,DS Ngozi,c3vjODtCgan,Datim
BDI,BDI_2_21,2,DS Nyabikere,nPFPOEgCTkp,Datim
BDI,BDI_2_30,2,DS Nyanza-Lac,jzftQkyzDBA,Datim
BDI,BDI_2_42,2,DS Rumonge,iglTTNBnbxk,Datim
BDI,BDI_2_44,2,DS Rutana,dHdpENqtN2V,Datim
BDI,BDI_2_47,2,DS Ruyigi,QwNaultrBl7,Datim
BDI,BDI_2_8,2,DS Rwibaga,ZEisaRR50rX,Datim
BDI,BDI_2_19,2,DS Ryansoro,B4nTrrOQwMw,Datim
BDI,BDI_2_28,2,DS Vumbi,flfhn0vMg6P,Datim
BFA,BFA,0,Burkina Faso,ZeB2eGmDfGw,Datim
CMR,CMR_3_1,2,Ngaoundal,gsAPKvb8uK2,Datim
CMR,CMR_3_2,2,Tibati,QN0TvRQr8SA,Datim
CMR,CMR_3_3,2,Tignere,iwjlpyhilt2,Datim
CMR,CMR_3_4,2,Bankim,J3p4cfDsjWc,Datim
CMR,CMR_3_5,2,Banyo,QKxAMfygE74,Datim
CMR,CMR_3_6,2,Djohong,m6j0i1p3GDw,Datim
CMR,CMR_3_7,2,Meiganga,boMf1Zq6Fa2,Datim
CMR,CMR_3_8,2,Ngaoundere Rural,YOwUWe1dgJv,Datim
CMR,CMR_3_9,2,Ngaoundere Urbain,AwlrFJlARNT,Datim
CMR,CMR_3_10,2,Mbandjock,bluPTs5StEv,Datim
CMR,CMR_3_11,2,Nanga Eboko,fHkrk3yL1uU,Datim
CMR,CMR_3_12,2,Ebebda,UVkUJt5o0py,Datim
CMR,CMR_3_13,2,Elig Mfomo,sJDHzjIEcte,Datim
CMR,CMR_3_14,2,Evodoula,GFXacOqu8d0,Datim
CMR,CMR_3_15,2,Monatele,YXiMSh7CqES,Datim
CMR,CMR_3_16,2,Obala,r5xWCJ4ZqYQ,Datim
CMR,CMR_3_17,2,Okola,hz2Tdvrxqbp,Datim
CMR,CMR_3_18,2,Saa,PLYdjomcBkA,Datim
CMR,CMR_3_19,2,Bafia,clasYX5teTV,Datim
CMR,CMR_3_20,2,Ndikinimeki,oAgxCCStCQe,Datim
CMR,CMR_3_21,2,Ntui,rahoVxbwRB5,Datim
CMR,CMR_3_22,2,Yoko,WquO0ev4xvO,Datim
CMR,CMR_3_23,2,Awae,nbkoU3gPiM0,Datim
CMR,CMR_3_24,2,Esse,VGZnGAkKRN3,Datim
CMR,CMR_3_25,2,Soa,Vq1CnJNw46x,Datim
CMR,CMR_3_26,2,Mbankomo,VLxcOygmtHk,Datim
CMR,CMR_3_27,2,Ngoumou,qc293v9pKIX,Datim
CMR,CMR_3_28,2,Eseka,h7r7vMKQIy8,Datim
CMR,CMR_3_29,2,Ngog Mapubi,li3fcQxXdg7,Datim
CMR,CMR_3_30,2,Akonolinga,RKsnc4nFUzT,Datim
CMR,CMR_3_31,2,Ayos,ZxJNWnk4hYW,Datim
CMR,CMR_3_32,2,Mbalmayo,haFG5XDW24C,Datim
CMR,CMR_3_33,2,Mfou,PJKaNADvNfi,Datim
CMR,CMR_3_34,2,Bangue,bIoxP4GA2JE,Datim
CMR,CMR_3_35,2,Boko,GEWks07uHch,Datim
CMR,CMR_3_36,2,Bonassama,dWexWkTwCVe,Datim
CMR,CMR_3_37,2,Cite Des Palmiers,rjDWLPMhaY0,Datim
CMR,CMR_3_38,2,Deido,wE76sY8tY19,Datim
CMR,CMR_3_39,2,Japoma,bLF8QVYOUu3,Datim
CMR,CMR_3_40,2,Logbaba,ZGqUbMqrxSK,Datim
CMR,CMR_3_41,2,Manoka,HAijUCVbjCr,Datim
CMR,CMR_3_42,2,New Bell,k7lIVnxWbm7,Datim
CMR,CMR_3_43,2,Nylon,AW764lDxjdr,Datim
CMR,CMR_3_44,2,Moloundou,Dcf8i2ih1tm,Datim
CMR,CMR_3_45,2,Yokadouma,MDZqxU65Lqw,Datim
CMR,CMR_3_46,2,Abong Mbang,iTmd0p4YWhK,Datim
CMR,CMR_3_47,2,Doume,Tk1LVQwJYXh,Datim
CMR,CMR_3_48,2,Lomie,TIrAQRQkEaH,Datim
CMR,CMR_3_49,2,Messamena,YS06eYwiC8n,Datim
CMR,CMR_3_50,2,Nguelemendouka,MHc9aRwt9xv,Datim
CMR,CMR_3_51,2,Batouri,cBrzvNglqAl,Datim
CMR,CMR_3_52,2,Kette,RIqfYxyxl6s,Datim
CMR,CMR_3_53,2,Mbang,PAM8Jc9FcJS,Datim
CMR,CMR_3_54,2,Ndelele,OLZqeMnDj75,Datim
CMR,CMR_3_55,2,Bertoua,huRqm1u1OBD,Datim
CMR,CMR_3_56,2,Betare Oya,QR0Vj8IkvWr,Datim
CMR,CMR_3_57,2,Garoua Boulai,D4OFi6ze0sX,Datim
CMR,CMR_3_58,2,Bogo,ms6oiVY4kHA,Datim
CMR,CMR_3_59,2,Gazawa,LiygUBQ6cii,Datim
CMR,CMR_3_60,2,Maroua 1,AB0dvYIeVs2,Datim
CMR,CMR_3_61,2,Maroua 2,xeKBtCQWObL,Datim
CMR,CMR_3_62,2,Maroua 3,baaPQDKEa74,Datim
CMR,CMR_3_63,2,Meri,xnnHwfGglH2,Datim
CMR,CMR_3_64,2,Pette,hpC7j0T2CaR,Datim
CMR,CMR_3_65,2,Fotokol,SQVzPECATRQ,Datim
CMR,CMR_3_66,2,Goulfey,o6ZCLK6zgCb,Datim
CMR,CMR_3_67,2,Kousseri,Z0Inwzl0go6,Datim
CMR,CMR_3_68,2,Mada,F78KglHx1Lw,Datim
CMR,CMR_3_69,2,Makary,QmnnpW7Uwm3,Datim
CMR,CMR_3_70,2,Kolofata,WBZN0JbcddP,Datim
CMR,CMR_3_71,2,Mora,jIPFdhfuVCg,Datim
CMR,CMR_3_72,2,Tokombere,eealAXfQ3UO,Datim
CMR,CMR_3_73,2,Guere,lA2dnK5pTzs,Datim
CMR,CMR_3_74,2,Kar Hay,zSSrRr42yh1,Datim
CMR,CMR_3_75,2,Maga,NGmNPjCITMZ,Datim
CMR,CMR_3_76,2,Vele,rTZNA8LtQfx,Datim
CMR,CMR_3_77,2,Yagoua,yFy56LEHSJ4,Datim
CMR,CMR_3_78,2,Guidiguis,aMjjaJXBSlV,Datim
CMR,CMR_3_79,2,Kaele,PJ3rdiYvg9h,Datim
CMR,CMR_3_80,2,Mindif,OSXyfij7dGq,Datim
CMR,CMR_3_81,2,Moulvoudaye,R7G8wdEkwU9,Datim
CMR,CMR_3_82,2,Moutourwa,Hpc63mRW9IG,Datim
CMR,CMR_3_83,2,Bourha,ptBq5K4lAU3,Datim
CMR,CMR_3_84,2,Hina,XtStaOc8r3G,Datim
CMR,CMR_3_85,2,Koza,ee7ftYplvV9,Datim
CMR,CMR_3_86,2,Mogode,l2FDEkk18z2,Datim
CMR,CMR_3_87,2,Mokolo,Ic2sf6gppTN,Datim
CMR,CMR_3_88,2,Roua,EpNF1CgXoSb,Datim
CMR,CMR_3_89,2,Abo,VT9tkLtgee9,Datim
CMR,CMR_3_90,2,Dibombari,VVLMNX1DVin,Datim
CMR,CMR_3_91,2,Loum,Ns6ZJi0iwJj,Datim
CMR,CMR_3_92,2,Manjo,O4ls7EsyEQP,Datim
CMR,CMR_3_93,2,Mbanga,nUeu5anINhj,Datim
CMR,CMR_3_94,2,Melong,VFxTcRztfUD,Datim
CMR,CMR_3_95,2,Njombe Penja,iwzUigxHuvr,Datim
CMR,CMR_3_96,2,Nkongsamba,A0XPpQxn05b,Datim
CMR,CMR_3_97,2,Nkondjock,oCGhqAOirsv,Datim
CMR,CMR_3_98,2,Yabassi,GvTDrgjcU6R,Datim
CMR,CMR_3_99,2,Edea,jEG1QQsvDeX,Datim
CMR,CMR_3_100,2,Ndom,Q966kXsyR20,Datim
CMR,CMR_3_101,2,Ngambe,HBG4z9eT0gp,Datim
CMR,CMR_3_102,2,Pouma,AFX0djkDX6A,Datim
CMR,CMR_3_103,2,Bibemi,pg1qjAIJeyF,Datim
CMR,CMR_3_104,2,Garoua 1,cBl9B9Gr8yM,Datim
CMR,CMR_3_105,2,GAROUA 2,zDNvh0ltnhO,Datim
CMR,CMR_3_106,2,Gaschiga,qaPX93BNxG3,Datim
CMR,CMR_3_107,2,Lagdo,RiworzxSRKJ,Datim
CMR,CMR_3_108,2,Ngong,qHwYB0w2vX9,Datim
CMR,CMR_3_109,2,Pitoa,ZJAhq8N1hkR,Datim
CMR,CMR_3_110,2,Poli,IHFtzOsbuLj,Datim
CMR,CMR_3_111,2,Figuil,MzAxbEmG17n,Datim
CMR,CMR_3_112,2,Golombe,LPNNZUYfC5R,Datim
CMR,CMR_3_113,2,Guider,UpWdQLS7yhK,Datim
CMR,CMR_3_114,2,Mayo Oulo,SapRLH9IkZp,Datim
CMR,CMR_3_115,2,Rey Bouba,xWvGICWwReF,Datim
CMR,CMR_3_116,2,Tchollire,rubyTf0wsD9,Datim
CMR,CMR_3_117,2,Touboro,fVcP7WpE6VE,Datim
CMR,CMR_3_118,2,Fundong,cDNpDbvmp5K,Datim
CMR,CMR_3_119,2,Kumbo East,VAN2Ql7Bkro,Datim
CMR,CMR_3_120,2,Kumbo West,cLBRoC6icGa,Datim
CMR,CMR_3_121,2,Oku,s9CiFUWGXnP,Datim
CMR,CMR_3_122,2,Ako,s6P7NGophWH,Datim
CMR,CMR_3_123,2,Ndu,AbJXFBhkc4U,Datim
CMR,CMR_3_124,2,Nkambe,cbmIcLlVVa1,Datim
CMR,CMR_3_125,2,Nwa,o3cdCYbmdmR,Datim
CMR,CMR_3_126,2,Benakuma,W4MLzWKSvB1,Datim
CMR,CMR_3_127,2,Wum,VaHOXJU4rir,Datim
CMR,CMR_3_128,2,Bafut,RDEsqpDdyjC,Datim
CMR,CMR_3_129,2,Bali,pl3EDv60GZ4,Datim
CMR,CMR_3_130,2,Bamenda,cMnkG8Hxa71,Datim
CMR,CMR_3_131,2,Santa,js5vRAkkqxB,Datim
CMR,CMR_3_132,2,Tubah,zipfC1pWf1y,Datim
CMR,CMR_3_133,2,Batibo,rucXXEqjQcK,Datim
CMR,CMR_3_134,2,Mbengwi,hvNtuMClAXW,Datim
CMR,CMR_3_135,2,Njikwa,HSEc0Cyu0Yy,Datim
CMR,CMR_3_136,2,Ndop,SeVI9bJFCIZ,Datim
CMR,CMR_3_137,2,Batcham,Slsya4XJ1cX,Datim
CMR,CMR_3_138,2,Galim,zMVbYiRveLp,Datim
CMR,CMR_3_139,2,Mbouda,KE0SetC4PJD,Datim
CMR,CMR_3_140,2,Bafang,KvGZD176fRx,Datim
CMR,CMR_3_141,2,Bandja,kGF6FW8H5Bk,Datim
CMR,CMR_3_142,2,Kekem,OgnR5IaW7OI,Datim
CMR,CMR_3_143,2,Baham,TdUjy3VhKQM,Datim
CMR,CMR_3_144,2,Bamendjou,nAVFr0YyPi0,Datim
CMR,CMR_3_145,2,Bandjoun,FZdKDla0sab,Datim
CMR,CMR_3_146,2,Dschang,tHav2zlT9YE,Datim
CMR,CMR_3_147,2,Penka Michel,vNuXJnxJ0e3,Datim
CMR,CMR_3_148,2,Santchou,za0SuqfH2S8,Datim
CMR,CMR_3_149,2,Mifi,KPgLhnpbXzT,Datim
CMR,CMR_3_150,2,Bangangte,ZWsIJYCFqvg,Datim
CMR,CMR_3_151,2,Bangourain,y1pvTD5JtGa,Datim
CMR,CMR_3_152,2,Foumban,fiyChBcsC5L,Datim
CMR,CMR_3_153,2,Foumbot,VY1XungWEvE,Datim
CMR,CMR_3_154,2,Kouoptamo,Yy8OR4h9J5x,Datim
CMR,CMR_3_155,2,Malentouen,mAXygaodORJ,Datim
CMR,CMR_3_156,2,Massangam,exy7m4TxPrY,Datim
CMR,CMR_3_157,2,Buea,dkNG0muACjc,Datim
CMR,CMR_3_158,2,Limbe,GP5qeoiXMtA,Datim
CMR,CMR_3_159,2,Muyuka,jIXZlNwSdG3,Datim
CMR,CMR_3_160,2,Tiko,VZPPWeDuJqU,Datim
CMR,CMR_3_161,2,Bangem,St9lVTJrRaI,Datim
CMR,CMR_3_162,2,Nguti,JIcgSOsSpSV,Datim
CMR,CMR_3_163,2,Tombel,vqaBeYFtUn0,Datim
CMR,CMR_3_164,2,Fontem,a2nQs7VmYiD,Datim
CMR,CMR_3_165,2,Wabane,DWF1ThXXPOB,Datim
CMR,CMR_3_166,2,Akwaya,DoVAXL8t556,Datim
CMR,CMR_3_167,2,Eyumodjock,dyB1QMpgHgC,Datim
CMR,CMR_3_168,2,Mamfe,zU7eKPwFr69,Datim
CMR,CMR_3_169,2,Konye,w0khtlIwl6Q,Datim
CMR,CMR_3_170,2,Kumba,MIvAFWhI9Yc,Datim
CMR,CMR_3_171,2,Mbonge,oHNRJzfPFaX,Datim
CMR,CMR_3_172,2,Bakassi,JIQXtxy5dWB,Datim
CMR,CMR_3_173,2,Ekondo Titi,PtCkWF9WUyM,Datim
CMR,CMR_3_174,2,Mundemba,GzuQHLu6ZTN,Datim
CMR,CMR_3_175,2,Djoum,Lf317dndIqE,Datim
CMR,CMR_3_176,2,Meyomessala,MAHWzjJcasB,Datim
CMR,CMR_3_177,2,Sangmelima,o4p0ljHfz8F,Datim
CMR,CMR_3_178,2,Zoetele,YxZktMjIiey,Datim
CMR,CMR_3_179,2,Ebolowa,w3vIrqsfGWS,Datim
CMR,CMR_3_180,2,Mvangan,KrnP8YZjfnb,Datim
CMR,CMR_3_181,2,Kribi,JiTDQrmDeYy,Datim
CMR,CMR_3_182,2,Lolodorf,xp3usWkmMdg,Datim
CMR,CMR_3_183,2,Ambam,lrNc1xwDWXS,Datim
CMR,CMR_3_184,2,Olamze,P1tSCdEj5Oj,Datim
CMR,CMR_3_185,2,Biyem Assi,gOaZeiwAoCD,Datim
CMR,CMR_3_186,2,Cite Verte,NG7DU8YJlw7,Datim
CMR,CMR_3_187,2,Djoungolo,vewKgey8sOW,Datim
CMR,CMR_3_188,2,Efoulan,JQIkiENA6nM,Datim
CMR,CMR_3_189,2,Nkolbisson,ThGVWZfLjoq,Datim
CMR,CMR_3_190,2,Nkolndongo,YuCzvkHV2X5,Datim
HTI,HTI_2_5mljy,2,Fort-Liberté,prA0IseYHWD,Datim
HTI,HTI_2_7se5q,2,Trou-du-Nord,UPRsMongHVh,Datim
HTI,HTI_2_a5kfw,2,Ouanaminthe,lpvqRE7A04P,Datim
HTI,HTI_2_nkwgs,2,Vallières,ONUWhpgEbVk,Datim
HTI,HTI_2_f6r1q,2,Cap-Haïtien,JVXPyu8T2fO,Datim
HTI,HTI_2_g38vd,2,Acul-du-Nord,g9tvk3Npz0O,Datim
HTI,HTI_2_h75b8,2,Plaisance,IYAMmLveW4i,Datim
HTI,HTI_2_l4o8l,2,Limbé,rrAWd6oORtj,Datim
HTI,HTI_2_orjyw,2,Grande-Rivière-du-Nord,fXIAya9MTsp,Datim
HTI,HTI_2_srhfq,2,Saint-Raphaël,R2NsUDhdF8x,Datim
HTI,HTI_2_zt1j1,2,Borgne,x83C9cH5sOZ,Datim
HTI,HTI_2_9ia9y,2,Aquin,FkNledXu7r1,Datim
HTI,HTI_2_fcvlh,2,Chardonnières,mLFKTGjlEg1,Datim
HTI,HTI_2_p3oz1,2,Port-Salut,zSc0ERG1CdL,Datim
HTI,HTI_2_sqgyb,2,Cayes,Se7nBqbicpl,Datim
HTI,HTI_2_31wqg,2,Léogâne,nbvAsGLaXdk,Datim
HTI,HTI_2_7oh41,2,Croix-des-Bouquets,X1q3hSFTVw4,Datim
HTI,HTI_2_7smtb,2,Port-au-Prince,C4PnwquCK8U,Datim
HTI,HTI_2_830xx,2,Arcahaie,J1MwQjUBRbm,Datim
HTI,HTI_2_gs5vd,2,La Gonâve,aIbf3wlRYB1,Datim
HTI,HTI_2_63ob8,2,Gonaïves,xBsmGxPgQaw,Datim
HTI,HTI_2_dhuh3,2,Saint-Marc,A4RKAXHmMJz,Datim
HTI,HTI_2_r4re3,2,Gros-Morne,qOD764n5tgj,Datim
HTI,HTI_2_s9b3i,2,Dessalines,lDgHhlAPrbI,Datim
HTI,HTI_2_wpowl,2,Marmelade,XTsaMgdocDI,Datim
HTI,HTI_2_fsr9k,2,Baradères,ORcK4G6C93r,Datim
HTI,HTI_2_n1l5b,2,Miragoâne,Y0udgSlBzfb,Datim
HTI,HTI_2_ytn4i,2,Anse-à-Veau,XXuTiMjae3r,Datim
HTI,HTI_2_5f285,2,Saint-Louis-du-Nord,bbnjoGJ5I7l,Datim
HTI,HTI_2_pm8z4,2,Môle-Saint-Nicolas,c0oeZEJ8qXk,Datim
HTI,HTI_2_rhu83,2,Port-de-Paix,cfJiyXa87Ex,Datim
HTI,HTI_2_607pb,2,Jacmel,luDmlKf3eTO,Datim
HTI,HTI_2_lharo,2,Belle-Anse,TBmZNayISPQ,Datim
HTI,HTI_2_uu1z1,2,Bainet,OVaSeUQBtTW,Datim
HTI,HTI_2_d217x,2,Corail,NsradCS3NV6,Datim
HTI,HTI_2_o3jp4,2,Anse D'Hainault,wzBlWonPLOp,Datim
HTI,HTI_2_tqnbb,2,Jérémie,lqOb8ytz3VU,Datim
HTI,HTI_2_5gfm6,2,Lascahobas,aU0BjX9vsGL,Datim
HTI,HTI_2_92r6a,2,Hinche,bUF2WipYIQn,Datim
HTI,HTI_2_ik8zv,2,Mirebalais,rvWifPpyaKu,Datim
HTI,HTI_2_ox6bq,2,Cerca-la-Source,FXlLvz2pJaT,Datim
KEN,KEN_2_30,1,Baringo County,Tbq3JMDALZt,Datim
KEN,KEN_2_36,1,Bomet County,sphpbVxO6pn,Datim
KEN,KEN_2_39,1,Bungoma County,A1gVLZ5bHiS,Datim
KEN,KEN_2_40,1,Busia County,VljEgS6qanC,Datim
KEN,KEN_2_28,1,Elgeyo-Marakwet County,kaVgIVGXcf7,Datim
KEN,KEN_2_14,1,Embu County,h8m60u0XlJf,Datim
KEN,KEN_2_07,1,Garissa County,qIpTCaEVo8q,Datim
KEN,KEN_2_43,1,Homa Bay County,gbepWpyaGdj,Datim
KEN,KEN_2_11,1,Isiolo County,WdtNaOc3FbT,Datim
KEN,KEN_2_34,1,Kajiado County,iO2edHMzzoa,Datim
KEN,KEN_2_37,1,Kakamega County,M0xXLu8QbHW,Datim
KEN,KEN_2_35,1,Kericho County,soCirDJfP4S,Datim
KEN,KEN_2_22,1,Kiambu County,A0BC4zSGPwM,Datim
KEN,KEN_2_03,1,Kilifi County,ZIMjWiBet30,Datim
KEN,KEN_2_20,1,Kirinyaga County,gn42ZCLVhzf,Datim
KEN,KEN_2_45,1,Kisii County,OCzaanZX0v0,Datim
KEN,KEN_2_42,1,Kisumu County,RP2cXnuZq8a,Datim
KEN,KEN_2_15,1,Kitui County,zF5mSLNG4Cl,Datim
KEN,KEN_2_02,1,Kwale County,yBnmZCQmDeX,Datim
KEN,KEN_2_31,1,Laikipia County,OYaCYF6BNST,Datim
KEN,KEN_2_05,1,Lamu County,Nx2P930hOHB,Datim
KEN,KEN_2_16,1,Machakos County,XFTvFUirnjA,Datim
KEN,KEN_2_17,1,Makueni County,M5TOiiYVWwN,Datim
KEN,KEN_2_09,1,Mandera County,inIsXJ57Si9,Datim
KEN,KEN_2_10,1,Marsabit County,UHkc4iGio0L,Datim
KEN,KEN_2_12,1,Meru County,xy2ubunOGVi,Datim
KEN,KEN_2_44,1,Migori County,H9vJQr39c4B,Datim
KEN,KEN_2_01,1,Mombasa County,S0nWEBcp4qo,Datim
KEN,KEN_2_21,1,Muranga County,SeUHzwEWOUn,Datim
KEN,KEN_2_47,1,Nairobi County,DW4iKNGrY42,Datim
KEN,KEN_2_32,1,Nakuru County,ZFzQpYAw1RT,Datim
KEN,KEN_2_29,1,Nandi County,y20aapE6KYr,Datim
KEN,KEN_2_33,1,Narok County,IBZqPDOCobI,Datim
KEN,KEN_2_46,1,Nyamira County,sXq9qYR3Q3K,Datim
KEN,KEN_2_18,1,Nyandarua County,mVgMb1mDaDX,Datim
KEN,KEN_2_19,1,Nyeri County,IZOS05Z8QAL,Datim
KEN,KEN_2_25,1,Samburu County,nfKmgVvY7zs,Datim
KEN,KEN_2_41,1,Siaya County,mMORYzJBnzi,Datim
KEN,KEN_2_06,1,Taita Taveta County,I5jmTunFZY2,Datim
KEN,KEN_2_04,1,Tana River County,RP7IFVrrOux,Datim
KEN,KEN_2_13,1,Tharaka Nithi County,jN4aiIfSLRL,Datim
KEN,KEN_2_26,1,Trans-Nzoia County,oSVLBSVLtZi,Datim
KEN,KEN_2_23,1,Turkana County,Toe5zU8RLT5,Datim
KEN,KEN_2_27,1,Uasin Gishu County,cS6agZiN32t,Datim
KEN,KEN_2_38,1,Vihiga County,hhmLIpoAvAg,Datim
KEN,KEN_2_08,1,Wajir County,q93HBF7r7P4,Datim
KEN,KEN_2_24,1,West Pokot County,Y2tnI4r0GkW,Datim
LSO,LSO_1_1,1,Maseru,tKOXiaNhAyJ,Datim
LSO,LSO_1_2,1,Butha Buthe,mvPRqBFtVC0,Datim
LSO,LSO_1_3,1,Leribe,FjSmRywOWUp,Datim
LSO,LSO_1_4,1,Berea,wpg5evyl1OL,Datim
LSO,LSO_1_5,1,Mafeteng,DiFv5WXIHM5,Datim
LSO,LSO_1_6,1,Mohale's Hoek,YGI7vISD2kJ,Datim
LSO,LSO_1_7,1,Quthing,HuwCoDZG0FY,Datim
LSO,LSO_1_8,1,Qacha's Nek,zTaMbxvQtJ6,Datim
LSO,LSO_1_9,1,Mokhotlong,tjhYqc1MlVo,Datim
LSO,LSO_1_10,1,Thaba Tseka,jyhIrCoB31x,Datim
MOZ,MOZ_2_0101,2,Kampfumu,oMVRVkQ4d6Q,Datim
MOZ,MOZ_2_0102,2,Nlhamankulu,Pw3doHDr3sw,Datim
MOZ,MOZ_2_0103,2,Kamaxakeni,IYDPRaPGDFu,Datim
MOZ,MOZ_2_0104,2,Kamavota,OSrBvFsAtYz,Datim
MOZ,MOZ_2_0105,2,Kamubukwana,itceRrMEAiB,Datim
MOZ,MOZ_2_0106,2,Katembe,xHmtcBy8x0o,Datim
MOZ,MOZ_2_0107,2,Kanyaka,TiaX55M0Ca2,Datim
MOZ,MOZ_2_0201,2,Matutuine,JiyIWhXzTWd,Datim
MOZ,MOZ_2_0202,2,Namaacha,ar9MMZxpljr,Datim
MOZ,MOZ_2_0203,2,Boane,KipLfqm48wI,Datim
MOZ,MOZ_2_0204,2,Matola,rPJ8B53FKqF,Datim
MOZ,MOZ_2_0205,2,Marracuene,BdhM2BIXWgw,Datim
MOZ,MOZ_2_0206,2,Moamba,b9sP7gLskme,Datim
MOZ,MOZ_2_0207,2,Manhiça,FYmZonhCRcn,Datim
MOZ,MOZ_2_0208,2,Magude,b0DaXHh8J8Q,Datim
MOZ,MOZ_2_0301,2,Chonguene,jDWCkBXYllV,Datim
MOZ,MOZ_2_0302,2,Xai-Xai,kKXWgaF11TT,Datim
MOZ,MOZ_2_0303,2,Limpopo,SIgUX4PJgJD,Datim
MOZ,MOZ_2_0304,2,Bilene,kZU2LRwlrWA,Datim
MOZ,MOZ_2_0305,2,Mandlakaze,VjJPal9jqUi,Datim
MOZ,MOZ_2_0306,2,Chibuto,VQM7cGAZxxK,Datim
MOZ,MOZ_2_0307,2,Chokwe,L7h5gCdfKAF,Datim
MOZ,MOZ_2_0308,2,Guija,Me6VFCZmgew,Datim
MOZ,MOZ_2_0309,2,Chigubo,NFE2l2CJAiC,Datim
MOZ,MOZ_2_0310,2,Mabalane,qD019OVbYwC,Datim
MOZ,MOZ_2_0311,2,Massingir,WafdUke7p0k,Datim
MOZ,MOZ_2_0312,2,Mapai,CPJg054SSVi,Datim
MOZ,MOZ_2_0313,2,Chicualacuala,g4w1I2XuxMI,Datim
MOZ,MOZ_2_0314,2,Massangena,hOfUeu7NQ2R,Datim
MOZ,MOZ_2_0401,2,Zavala,nk7idKGxafr,Datim
MOZ,MOZ_2_0402,2,Inharrime,pRR2y748unY,Datim
MOZ,MOZ_2_0403,2,Jangamo,VGCfgWcPjUQ,Datim
MOZ,MOZ_2_0404,2,Inhambane,OgL15C7NJo9,Datim
MOZ,MOZ_2_0405,2,Maxixe,KtlpdTLliJg,Datim
MOZ,MOZ_2_0406,2,Homoine,vGkKz3Vx0Nt,Datim
MOZ,MOZ_2_0407,2,Panda,dTzshM5bexD,Datim
MOZ,MOZ_2_0408,2,Morrumbene,hUbRsJh7Oyj,Datim
MOZ,MOZ_2_0409,2,Massinga,zuf9ikWuKWN,Datim
MOZ,MOZ_2_0410,2,Funhalouro,TVVHkSQr6IF,Datim
MOZ,MOZ_2_0411,2,Vilankulo,eN26Kt2lvOM,Datim
MOZ,MOZ_2_0412,2,Mabote,wVxPZjTP5ox,Datim
MOZ,MOZ_2_0413,2,Inhassoro,dOgwIHGxt8L,Datim
MOZ,MOZ_2_0414,2,Govuro,OAhW5JvumGi,Datim
MOZ,MOZ_2_0501,2,Machanga,NPEM8us3KEs,Datim
MOZ,MOZ_2_0502,2,Buzi,qwJ8zDHclEj,Datim
MOZ,MOZ_2_0503,2,Chibabava,Bp2zX2SlSsT,Datim
MOZ,MOZ_2_0504,2,Beira,c4qdq9NbKuX,Datim
MOZ,MOZ_2_0505,2,Dondo,QJviLU1xwFA,Datim
MOZ,MOZ_2_0506,2,Nhamatanda,aKC8chhkCCA,Datim
MOZ,MOZ_2_0507,2,Muanza,AzFUzPztm80,Datim
MOZ,MOZ_2_0508,2,Gorongosa,iuqTSkAZRvK,Datim
MOZ,MOZ_2_0509,2,Marromeu,ZMR1mJVDTD8,Datim
MOZ,MOZ_2_0510,2,Cheringoma,lZAKLVCoHVw,Datim
MOZ,MOZ_2_0511,2,Caia,yui33D90Efv,Datim
MOZ,MOZ_2_0512,2,Maringue,mlYjNL8jqjz,Datim
MOZ,MOZ_2_0513,2,Chemba,xlBlEsK62tb,Datim
MOZ,MOZ_2_0601,2,Machaze,NIDi9K5PqmV,Datim
MOZ,MOZ_2_0602,2,Mossurize,IRbF9zWyxlL,Datim
MOZ,MOZ_2_0603,2,Sussundenga,Bpe70vg3BZC,Datim
MOZ,MOZ_2_0604,2,Macate,gjLmOeux9ZB,Datim
MOZ,MOZ_2_0605,2,Gondola,X7cjhY4Bip4,Datim
MOZ,MOZ_2_0606,2,Chimoio,RTCsjF28gNA,Datim
MOZ,MOZ_2_0607,2,Vanduzi,ve5fI4S4kCI,Datim
MOZ,MOZ_2_0608,2,Manica,j59u9FWJDci,Datim
MOZ,MOZ_2_0609,2,Macossa,VOuzVI7sb0E,Datim
MOZ,MOZ_2_0610,2,Barue,lvtegcppyBD,Datim
MOZ,MOZ_2_0611,2,Tambara,tIcnRbD9VA5,Datim
MOZ,MOZ_2_0612,2,Guro,I313yxsyBlq,Datim
MOZ,MOZ_2_0701,2,Mutarara,d94VYtVMct3,Datim
MOZ,MOZ_2_0702,2,Doa,k6gYruZ10AM,Datim
MOZ,MOZ_2_0703,2,Changara,vJOqqNfY8zQ,Datim
MOZ,MOZ_2_0704,2,Moatize,UE2S1UbQGn5,Datim
MOZ,MOZ_2_0705,2,Tete,tKTswBE0Hyj,Datim
MOZ,MOZ_2_0706,2,Marara,YRf9rpcBmnu,Datim
MOZ,MOZ_2_0707,2,Cahora Bassa,uu7IFA6tunO,Datim
MOZ,MOZ_2_0708,2,Magoe,qf4tOFtS27c,Datim
MOZ,MOZ_2_0709,2,Tsangano,I9mtTPfmpqm,Datim
MOZ,MOZ_2_0710,2,Chiuta,Wru7gAGKine,Datim
MOZ,MOZ_2_0711,2,Maravia,rFFiVUlPDcU,Datim
MOZ,MOZ_2_0712,2,Zumbu,sxQMns2jOMB,Datim
MOZ,MOZ_2_0713,2,Angonia,qDeuLTyvoRX,Datim
MOZ,MOZ_2_0714,2,Macanga,pKaj9VHiTCV,Datim
MOZ,MOZ_2_0715,2,Chifunde,K5LimiVoQ2t,Datim
MOZ,MOZ_2_0801,2,Chinde,A2WP9rKyeCd,Datim
MOZ,MOZ_2_0802,2,Luabo,imEg2imKHMv,Datim
MOZ,MOZ_2_0803,2,Inhassunge,MrzLUXqobYg,Datim
MOZ,MOZ_2_0804,2,Quelimane,ZZlLKqhLyve,Datim
MOZ,MOZ_2_0805,2,Mopeia,xiz4opVckuD,Datim
MOZ,MOZ_2_0806,2,Namacurra,YDiTYO8iXlo,Datim
MOZ,MOZ_2_0807,2,Nicoadala,MLWfwGSAExm,Datim
MOZ,MOZ_2_0808,2,Maganja Da Costa,j7R6NW899TU,Datim
MOZ,MOZ_2_0809,2,Mocubela,EOiaX9x1o8g,Datim
MOZ,MOZ_2_0810,2,Mocuba,yyR3ZgRyBzQ,Datim
MOZ,MOZ_2_0811,2,Derre,c5OMOnQ8Yuf,Datim
MOZ,MOZ_2_0812,2,Morrumbala,eKkUVSMc9VE,Datim
MOZ,MOZ_2_0813,2,Pebane,Ld3DBzAtu2q,Datim
MOZ,MOZ_2_0814,2,Mulevala,iqL4lrR62dI,Datim
MOZ,MOZ_2_0815,2,Lugela,ld9H4kG1Bnr,Datim
MOZ,MOZ_2_0816,2,Milange,p1khrkzyj1C,Datim
MOZ,MOZ_2_0817,2,Gile,nfk2rLcVuFx,Datim
MOZ,MOZ_2_0818,2,Alto Molocue,SnbIkc5HFdC,Datim
MOZ,MOZ_2_0819,2,Ile,IbTdghFlhMi,Datim
MOZ,MOZ_2_0820,2,Namarroi,bigmUwX7nZi,Datim
MOZ,MOZ_2_0821,2,Molumbo,ZKcg6E0YW40,Datim
MOZ,MOZ_2_0822,2,Gurue,TNxjWVnFcH3,Datim
MOZ,MOZ_2_0901,2,Moma,j5uYmqh5tq6,Datim
MOZ,MOZ_2_0902,2,Larde,Bpj2lcQ3uL4,Datim
MOZ,MOZ_2_0903,2,Angoche,xIowtHPEVqN,Datim
MOZ,MOZ_2_0904,2,Mogovolas,EBH5pfGP97m,Datim
MOZ,MOZ_2_0905,2,Murrupula,vbDb0zzpQej,Datim
MOZ,MOZ_2_0906,2,Liupo,bEwMiJVVrEJ,Datim
MOZ,MOZ_2_0907,2,Mogincual,rdJibBp1ZPV,Datim
MOZ,MOZ_2_0908,2,Meconta,tXKwBtQqb2o,Datim
MOZ,MOZ_2_0909,2,Nampula,jwLNNIw1MjY,Datim
MOZ,MOZ_2_0910,2,Rapale,dhGsWCy06oC,Datim
MOZ,MOZ_2_0911,2,Ribaue,DkiQIZm6OXK,Datim
MOZ,MOZ_2_0912,2,Malema,RthlF0LdPnR,Datim
MOZ,MOZ_2_0913,2,Ilha De Moçambique,zvN1CKVc0o5,Datim
MOZ,MOZ_2_0914,2,Mossuril,twsAundvOb3,Datim
MOZ,MOZ_2_0915,2,Monapo,ztnYInN25Ev,Datim
MOZ,MOZ_2_0916,2,Muecate,TC4V2Gtm5am,Datim
MOZ,MOZ_2_0917,2,Mecuburi,YLkTM4jAvvq,Datim
MOZ,MOZ_2_0918,2,Lalaua,TpXEdX36fEz,Datim
MOZ,MOZ_2_0919,2,Nacala,rzyQVCV9LjG,Datim
MOZ,MOZ_2_0920,2,Nacala-A-Velha,Un8VIqAxgEx,Datim
MOZ,MOZ_2_0921,2,Nacaroa,i25wGrBbMs1,Datim
MOZ,MOZ_2_0922,2,Memba,dOIfGVyGIpn,Datim
MOZ,MOZ_2_0923,2,Erati,CotlFJ64kUi,Datim
MOZ,MOZ_2_1001,2,Mecufi,UoLzZMWjMVe,Datim
MOZ,MOZ_2_1002,2,Chiure,xamxMtXf90S,Datim
MOZ,MOZ_2_1003,2,Namuno,bnhBwZyeeZ2,Datim
MOZ,MOZ_2_1004,2,Balama,C7EQJm08Lwv,Datim
MOZ,MOZ_2_1005,2,Pemba,ekAcXW11CZ1,Datim
MOZ,MOZ_2_1006,2,Metuge,fc2uOqmPmxj,Datim
MOZ,MOZ_2_1007,2,Ancuabe,e29LLJAHdD1,Datim
MOZ,MOZ_2_1008,2,Quissanga,LOKCcb4nHry,Datim
MOZ,MOZ_2_1009,2,Ibo,vWzkPAeBxlo,Datim
MOZ,MOZ_2_1010,2,Meluco,zOra9muIVhA,Datim
MOZ,MOZ_2_1011,2,Montepuez,gC1CuJI7U4O,Datim
MOZ,MOZ_2_1012,2,Macomia,NAIy78Rvj1R,Datim
MOZ,MOZ_2_1013,2,Muidumbe,yFhTDhuvGvh,Datim
MOZ,MOZ_2_1014,2,Mocimboa Da Praia,O2z5wEyPOg8,Datim
MOZ,MOZ_2_1015,2,Mueda,VP9rX1d18Xv,Datim
MOZ,MOZ_2_1016,2,Palma,YG04j6NLdOx,Datim
MOZ,MOZ_2_1017,2,Nangade,GwyF7sE2V85,Datim
MOZ,MOZ_2_1101,2,Cuamba,IBMUL2QvXz9,Datim
MOZ,MOZ_2_1102,2,Mecanhelas,U7YoaJ2BQBb,Datim
MOZ,MOZ_2_1103,2,Metarica,epuWlUacuTU,Datim
MOZ,MOZ_2_1104,2,Mandimba,S97ZWSnm6N8,Datim
MOZ,MOZ_2_1105,2,Nipepe,lO3xjgJ61jK,Datim
MOZ,MOZ_2_1106,2,Maua,bQzuJ86gGEs,Datim
MOZ,MOZ_2_1107,2,Marrupa,yz6zrfor2jA,Datim
MOZ,MOZ_2_1108,2,Majune,ccB4ESz9ZwC,Datim
MOZ,MOZ_2_1109,2,Ngauma,gsAweMCroa7,Datim
MOZ,MOZ_2_1110,2,Chimbonila,AYDAvImG7tH,Datim
MOZ,MOZ_2_1111,2,Lichinga,oWKesP8CeL0,Datim
MOZ,MOZ_2_1112,2,Mecula,W3l4gXZtBCB,Datim
MOZ,MOZ_2_1113,2,Mavago,WYLJVeRp9kP,Datim
MOZ,MOZ_2_1114,2,Muembe,TbQ9Og6Mg2r,Datim
MOZ,MOZ_2_1115,2,Sanga,Sv3e9Erafn0,Datim
MOZ,MOZ_2_1116,2,Lago,UlTlUIybBkP,Datim
MWI,MWI_3_01,3,Chitipa District,GkIwZrXy1h2,Datim
MWI,MWI_3_02,3,Karonga District,cPtvxaZqXIH,Datim
MWI,MWI_3_03,3,Nkhata Bay District,E7zpfyBt7Tw,Datim
MWI,MWI_3_04,3,Rumphi District,lPTyjLi4w3d,Datim
MWI,MWI_3_05,3,Mzimba District,vA4NcHxfMBq,Datim
MWI,MWI_3_06,3,Likoma District,ZCjuwgaMB9u,Datim
MWI,MWI_3_07,3,Kasungu District,JQKLKuVuY61,Datim
MWI,MWI_3_08,3,Nkhotakota District,YCKiBAp8QAg,Datim
MWI,MWI_3_09,3,Ntchisi District,fiRkU6gEjLz,Datim
MWI,MWI_3_10,3,Dowa District,zphK9WV8JB4,Datim
MWI,MWI_3_11,3,Salima District,msW2zpIN7up,Datim
MWI,MWI_3_12,3,Lilongwe District,ScR9iFKAasW,Datim
MWI,MWI_3_13,3,Mchinji District,kxuuIFpOXyO,Datim
MWI,MWI_3_14,3,Dedza District,PekKUkKHAzY,Datim
MWI,MWI_3_15,3,Ntcheu District,am530wpaGvr,Datim
MWI,MWI_3_16,3,Mangochi District,lLDyBx5XyUi,Datim
MWI,MWI_3_17,3,Machinga District,TYnMSwzko3z,Datim
MWI,MWI_3_18,3,Zomba District,fyEoGEPERdI,Datim
MWI,MWI_3_19,3,Mulanje District,umc2n1Z4wNv,Datim
MWI,MWI_3_20,3,Phalombe District,AZyWpGzhcaA,Datim
MWI,MWI_3_21,3,Balaka District,ir8wuHHzoSs,Datim
MWI,MWI_3_22,3,Chiradzulu District,oiPR2CiVJbf,Datim
MWI,MWI_3_23,3,Blantyre District,mxqa3CDFmIT,Datim
MWI,MWI_3_24,3,Mwanza District,wNqJp8oRIcF,Datim
MWI,MWI_3_25,3,Thyolo District,ul0y9diGujK,Datim
MWI,MWI_3_26,3,Chikwawa District,U8c0so51kT6,Datim
MWI,MWI_3_27,3,Nsanje District,rpw540fmNUz,Datim
MWI,MWI_3_28,3,Neno District,gwVYinjBAe9,Datim
NAM,NAM_2_11,2,Andara,EU2LFjnUoDe,Datim
NAM,NAM_2_20,2,Eenhana,S1IBLD18mtu,Datim
NAM,NAM_2_21,2,Engela,e1a8dK5TE6S,Datim
NAM,NAM_2_23,2,Gobabis,ho9XZGO2xwb,Datim
NAM,NAM_2_33,2,Grootfontein,pu4bDzrPVNO,Datim
NAM,NAM_2_02,2,Karasburg,BRlm2H3PtTw,Datim
NAM,NAM_2_38,2,Katima Mulilo,rLlgwmoLsNZ,Datim
NAM,NAM_2_03,2,Keetmanshoop,MoS2ZmKSIk3,Datim
NAM,NAM_2_17,2,Khorixas,EH9NQ6mDfGj,Datim
NAM,NAM_2_09,2,Mariental,hmJydtJou7V,Datim
NAM,NAM_2_14,2,Nkurenkuru,INU6NqUEjiG,Datim
NAM,NAM_2_12,2,Nyangana,EIzDG2iU7QA,Datim
NAM,NAM_2_34,2,Okahandja,iMaVLYizifi,Datim
NAM,NAM_2_24,2,Okahao,BOeHH7hRtfF,Datim
NAM,NAM_2_35,2,Okakarara,zgdgaDyKL7W,Datim
NAM,NAM_2_22,2,Okongo,vnMTivFAdYZ,Datim
NAM,NAM_2_05,2,Omaruru,PbiAN2iuMNC,Datim
NAM,NAM_2_30,2,Omuthiya,DbKN1FBhTpa,Datim
NAM,NAM_2_31,2,Onandjokwe,YUe7e0hebL4,Datim
NAM,NAM_2_18,2,Opuwo,Hb7N9vIk71A,Datim
NAM,NAM_2_29,2,Oshakati,NUNNhuEIKSi,Datim
NAM,NAM_2_25,2,Oshikuku,nefXINwu0Lq,Datim
NAM,NAM_2_36,2,Otjiwarongo,BKA8mKOpaX9,Datim
NAM,NAM_2_26,2,Outapi,KYONoFZCJgv,Datim
NAM,NAM_2_19,2,Outjo,dZqqyXzAgDx,Datim
NAM,NAM_2_10,2,Rehoboth,ltNu9G8IFBM,Datim
NAM,NAM_2_13,2,Rundu,uTYaIAY3Rdg,Datim
NAM,NAM_2_06,2,Swakopmund,o7vpmMqL7Sf,Datim
NAM,NAM_2_27,2,Tsandi,F4beFAJLYBP,Datim
NAM,NAM_2_32,2,Tsumeb,yC4ye65DZNI,Datim
NAM,NAM_2_07,2,Usakos,ToudRH4CDr9,Datim
NAM,NAM_2_08,2,Walvis Bay,BXwmiCump7T,Datim
NAM,NAM_2_16,2,Windhoek,liTRatgsSjS,Datim
NGA,NGA_2_AB,1,Abia,PSyoMabuxF4,Datim
NGA,NGA_2_AN,1,Anambra,LXdsxJVo6Gk,Datim
NGA,NGA_2_EB,1,Ebonyi,GBuVMaobpww,Datim
NGA,NGA_2_EN,1,Enugu,yNTAsxa4JYC,Datim
NGA,NGA_2_IM,1,Imo,xod2zGl32QR,Datim
NGA,NGA_2_AD,1,Adamawa,erpCFZj6yFu,Datim
NGA,NGA_2_BA,1,Bauchi,Mt26U3BtZWW,Datim
NGA,NGA_2_BR,1,Borno,sXsTHBsj0rh,Datim
NGA,NGA_2_GO,1,Gombe,XzSGf4ZxlR6,Datim
NGA,NGA_2_TA,1,Taraba,chS82SaWUb0,Datim
NGA,NGA_2_YO,1,Yobe,j5uy1Add8lx,Datim
NGA,NGA_2_AK,1,Akwa Ibom,pRNjUammgeK,Datim
NGA,NGA_2_BY,1,Bayelsa,R4vqlQuPEP3,Datim
NGA,NGA_2_CR,1,Cross River,pq7kECDgKc7,Datim
NGA,NGA_2_DE,1,Delta,i5hb4KFA5MW,Datim
NGA,NGA_2_ED,1,Edo,gsAcqPGkabf,Datim
NGA,NGA_2_RI,1,Rivers,SSqrxMy7RHB,Datim
NGA,NGA_2_BE,1,Benue,vSN6HHeBPqw,Datim
NGA,NGA_2_FC,1,FCT,rwV3sqg9IyH,Datim
NGA,NGA_2_KO,1,Kogi,G22rHB3F3Ew,Datim
NGA,NGA_2_KW,1,Kwara,DB9jvKNvPXU,Datim
NGA,NGA_2_NA,1,Nasarawa,ek80rI6DFKt,Datim
NGA,NGA_2_NI,1,Niger,mWutl8clHfY,Datim
NGA,NGA_2_PL,1,Plateau,GAfGnvcVZ6k,Datim
NGA,NGA_2_EK,1,Ekiti,W1EHlIiNm7L,Datim
NGA,NGA_2_LA,1,Lagos,X1YSuZzQAP8,Datim
NGA,NGA_2_OG,1,Ogun,JPR7FWvI4Jq,Datim
NGA,NGA_2_ON,1,Ondo,H7zZFfHCS3p,Datim
NGA,NGA_2_OS,1,Osun,eGalRf62pxe,Datim
NGA,NGA_2_OY,1,Oyo,MLdHgMQUM3y,Datim
NGA,NGA_2_JI,1,Jigawa,F8ealt899Lx,Datim
NGA,NGA_2_KD,1,Kaduna,ERH1gaeZSqG,Datim
NGA,NGA_2_KN,1,Kano,J1P31dMvu7x,Datim
NGA,NGA_2_KT,1,Katsina,EuopELCVYdk,Datim
NGA,NGA_2_KB,1,Kebbi,LaLcSZWEEMv,Datim
NGA,NGA_2_SO,1,Sokoto,abbiqwv4nNw,Datim
NGA,NGA_2_ZA,1,Zamfara,WXvWYq7i2Az,Datim
RWA,RWA_1_1,1,Kigali City,tuBMCugGRaW,Datim
RWA,RWA_1_2,1,South,Bx71ekAkh9C,Datim
RWA,RWA_1_3,1,West,aoTnpGNer6B,Datim
RWA,RWA_1_4,1,North,ywrW3s6hdK0,Datim
RWA,RWA_1_5,1,East,h420jGWIrGG,Datim
SWZ,SWZ_1_1,1,Hhohho,qYzGABaWyCf,Datim
SWZ,SWZ_1_2,1,Lubombo,nxGb6sd7p7D,Datim
SWZ,SWZ_1_3,1,Manzini,Z3IDOaDDkwG,Datim
SWZ,SWZ_1_4,1,Shiselweni,qRppsyyTP4A,Datim
TGO,TGO_1_1,1,Central,ueF1XbqtAji,Datim
TGO,TGO_1_2,1,Kara,bG0tPuIiB3V,Datim
TGO,TGO_1_3,1,LOME COMMUNE,TNwwQ7F2jjz,Datim
TGO,TGO_1_4,1,MARITIME,wiqOd9chmFE,Datim
TGO,TGO_1_5,1,PLATEAUX,LIAbgVL6Vet,Datim
TGO,TGO_1_6,1,Savanes,eWPNSLTHCsx,Datim
TZA,TZA_3_1,2,Bahi DC,dgdbOACMjkJ,Datim
TZA,TZA_3_2,2,Chamwino DC,YLCO37nNRDr,Datim
TZA,TZA_3_3,2,Chemba DC,y9AY8FOTj8O,Datim
TZA,TZA_3_4,2,Dodoma MC,shxU5hXKkXr,Datim
TZA,TZA_3_5,2,Kondoa DC,KkMgLgvtuAa,Datim
TZA,TZA_3_6,2,Kondoa TC,fW5P8qfi5ke,Datim
TZA,TZA_3_7,2,Kongwa DC,yz3UtyuzHdF,Datim
TZA,TZA_3_8,2,Mpwapwa DC,A3x7TQqItNX,Datim
TZA,TZA_3_9,2,Arusha CC,kUikmXEZjNy,Datim
TZA,TZA_3_10,2,Arusha DC,QL3f2eyizTy,Datim
TZA,TZA_3_11,2,Karatu DC,yrL0bXyNGUC,Datim
TZA,TZA_3_12,2,Longido DC,trEZDtd0yG0,Datim
TZA,TZA_3_13,2,Meru DC,IvFsAvEMGoN,Datim
TZA,TZA_3_14,2,Monduli DC,GWyu5TpbqZR,Datim
TZA,TZA_3_15,2,Ngorongoro DC,j2oJq5cmseg,Datim
TZA,TZA_3_16,2,Hai DC,bVxRDDk5dhV,Datim
TZA,TZA_3_17,2,Moshi DC,AilOhUXA8aG,Datim
TZA,TZA_3_18,2,Moshi MC,CbnpwmuwDpe,Datim
TZA,TZA_3_19,2,Mwanga DC,feWqlZZmIFa,Datim
TZA,TZA_3_20,2,Rombo DC,aJBepvgxJL8,Datim
TZA,TZA_3_21,2,Same DC,PwxC93HtuSb,Datim
TZA,TZA_3_22,2,Siha DC,RKfeX87U7lA,Datim
TZA,TZA_3_23,2,Bumbuli DC,Q888YZfi0NN,Datim
TZA,TZA_3_24,2,Handeni DC,InbAnWjLxj7,Datim
TZA,TZA_3_25,2,Handeni TC,rs5toMaD5ty,Datim
TZA,TZA_3_26,2,Kilindi DC,pUY6xNexMCp,Datim
TZA,TZA_3_27,2,Korogwe DC,SBBOHilirRD,Datim
TZA,TZA_3_28,2,Korogwe TC,qLs3Wo6g1N7,Datim
TZA,TZA_3_29,2,Lushoto DC,sHvr0FGWAUI,Datim
TZA,TZA_3_30,2,Mkinga DC,sGtdmRkxjoq,Datim
TZA,TZA_3_31,2,Muheza DC,TGM4xs5LMyc,Datim
TZA,TZA_3_32,2,Pangani DC,kSQrEY8a2Ka,Datim
TZA,TZA_3_33,2,Tanga CC,JEao7mAIwRc,Datim
TZA,TZA_3_34,2,Gairo DC,AbU6AOe5O2m,Datim
TZA,TZA_3_35,2,Ifakara TC,ZKieEonRnGR,Datim
TZA,TZA_3_36,2,Kilombero DC,t0g7m3S0htv,Datim
TZA,TZA_3_37,2,Kilosa DC,hB2IawAokig,Datim
TZA,TZA_3_38,2,Malinyi DC,yQINGFazAm9,Datim
TZA,TZA_3_39,2,Morogoro DC,JTjAenidfVN,Datim
TZA,TZA_3_40,2,Morogoro MC,XtlpVAd1gll,Datim
TZA,TZA_3_41,2,Mvomero DC,jR3z7M5rpa1,Datim
TZA,TZA_3_42,2,Ulanga DC,aRfYnk0HBmA,Datim
TZA,TZA_3_43,2,Bagamoyo DC,mKdOqXYiqyN,Datim
TZA,TZA_3_44,2,Chalinze DC,fj1e2Irpc20,Datim
TZA,TZA_3_45,2,Kibaha DC,nFummeSIBwK,Datim
TZA,TZA_3_46,2,Kibaha TC,v4aut8CAD4C,Datim
TZA,TZA_3_47,2,Kibiti DC,Om8lRYo64zK,Datim
TZA,TZA_3_48,2,Kisarawe DC,orLfqj8fpz8,Datim
TZA,TZA_3_49,2,Mafia DC,GMTXSEDPaba,Datim
TZA,TZA_3_50,2,Mkuranga DC,vDynT512Lhs,Datim
TZA,TZA_3_51,2,Rufiji DC,b80ftw906w8,Datim
TZA,TZA_3_52,2,Ilala MC,X084f2qVlrB,Datim
TZA,TZA_3_53,2,Kigamboni MC,Gd2lg7C091y,Datim
TZA,TZA_3_54,2,Kinondoni MC,YyHBXHmKukB,Datim
TZA,TZA_3_55,2,Temeke MC,rtBnaP4CaLe,Datim
TZA,TZA_3_56,2,Ubungo MC,CGBH2EfiPwg,Datim
TZA,TZA_3_57,2,Kilwa DC,cW0c0cXIxud,Datim
TZA,TZA_3_58,2,Lindi DC,rGq4u7NPzKX,Datim
TZA,TZA_3_59,2,Lindi MC,ZERbguzxIRa,Datim
TZA,TZA_3_60,2,Liwale DC,jMIoGAH9QnR,Datim
TZA,TZA_3_61,2,Nachingwea DC,qtYFkJwZLNg,Datim
TZA,TZA_3_62,2,Ruangwa DC,QcLi8vhV1cZ,Datim
TZA,TZA_3_63,2,Masasi DC,HjesRNKUP8l,Datim
TZA,TZA_3_64,2,Masasi TC,WSV5n7c6bgj,Datim
TZA,TZA_3_65,2,Mtwara DC,UUsTAU2gBGi,Datim
TZA,TZA_3_66,2,Mtwara MC,umEnbNJtWtC,Datim
TZA,TZA_3_67,2,Nanyamba TC,bLRYxtb8oKx,Datim
TZA,TZA_3_68,2,Nanyumbu DC,L7ammFxiV2i,Datim
TZA,TZA_3_69,2,Newala DC,AMfiL05HtnD,Datim
TZA,TZA_3_70,2,Newala TC,OwKzT4FMm0j,Datim
TZA,TZA_3_71,2,Tandahimba DC,s7z6EbBa6Qs,Datim
TZA,TZA_3_72,2,Madaba DC,eTdkxLisrBV,Datim
TZA,TZA_3_73,2,Mbinga DC,wnQPiwXMA2b,Datim
TZA,TZA_3_74,2,Mbinga TC,cb3Vtga27yX,Datim
TZA,TZA_3_75,2,Namtumbo DC,cRUzcZywrbr,Datim
TZA,TZA_3_76,2,Nyasa DC,d3v58XtPE9s,Datim
TZA,TZA_3_77,2,Songea DC,ZuIC9W3V9Er,Datim
TZA,TZA_3_78,2,Songea MC,RbzqqawWFey,Datim
TZA,TZA_3_79,2,Tunduru DC,ecKRBvL4KOu,Datim
TZA,TZA_3_80,2,Iringa DC,SxuWL8y7s0h,Datim
TZA,TZA_3_81,2,Iringa MC,uHbIOtn8uNS,Datim
TZA,TZA_3_82,2,Kilolo DC,HeFt4nH6lFL,Datim
TZA,TZA_3_83,2,Mafinga TC,cdSO66LSlGQ,Datim
TZA,TZA_3_84,2,Mufindi DC,AaejvOngJzv,Datim
TZA,TZA_3_85,2,Busokelo DC,WpCOOhK9N1f,Datim
TZA,TZA_3_86,2,Chunya DC,nZR7jDoZaWp,Datim
TZA,TZA_3_87,2,Kyela DC,ZE2mVxYeq6K,Datim
TZA,TZA_3_88,2,Mbarali DC,olUCraJY2gF,Datim
TZA,TZA_3_89,2,Mbeya CC,D3hgNLc7wl6,Datim
TZA,TZA_3_90,2,Mbeya DC,tXYiT9KX7zA,Datim
TZA,TZA_3_91,2,Rungwe DC,u6JIzCOdBJ6,Datim
TZA,TZA_3_92,2,Ikungi DC,pcW8gGVrMpY,Datim
TZA,TZA_3_93,2,Iramba DC,StD9EAMpzvb,Datim
TZA,TZA_3_94,2,Itigi DC,MlW0F1UMa9b,Datim
TZA,TZA_3_95,2,Manyoni DC,PiaL7RCM0h7,Datim
TZA,TZA_3_96,2,Mkalama DC,y5li2j7RLGP,Datim
TZA,TZA_3_97,2,Singida DC,aG6kXOW4ihG,Datim
TZA,TZA_3_98,2,Singida MC,EbUvkxSPwEL,Datim
TZA,TZA_3_99,2,Igunga DC,ggKkQlp4zmd,Datim
TZA,TZA_3_100,2,Kaliua DC,OoFnoVhM8Tz,Datim
TZA,TZA_3_101,2,Nzega DC,OaWlcFCzUIo,Datim
TZA,TZA_3_102,2,Nzega TC,p12xvi2DKUD,Datim
TZA,TZA_3_103,2,Sikonge DC,dWarT328SnD,Datim
TZA,TZA_3_104,2,Tabora MC,PFrXwIUcE6K,Datim
TZA,TZA_3_105,2,Urambo DC,GeWWmcEnaaE,Datim
TZA,TZA_3_106,2,Uyui DC,BG5sXQyiGAc,Datim
TZA,TZA_3_107,2,Kalambo DC,GfuwGLNMsLb,Datim
TZA,TZA_3_108,2,Nkasi DC,UY251epEUpp,Datim
TZA,TZA_3_109,2,Sumbawanga DC,Y7wXLX31IJZ,Datim
TZA,TZA_3_110,2,Sumbawanga MC,Q8uZHnQoB2J,Datim
TZA,TZA_3_111,2,Buhigwe DC,WFAQjpgzs0C,Datim
TZA,TZA_3_112,2,Kakonko DC,qczHUWeVisp,Datim
TZA,TZA_3_113,2,Kasulu DC,rw6jhJfCbOz,Datim
TZA,TZA_3_114,2,Kasulu TC,NcKPF2NzcgG,Datim
TZA,TZA_3_115,2,Kibondo DC,FuoMYXv1Nfz,Datim
TZA,TZA_3_116,2,Kigoma DC,RltHtwb3yOs,Datim
TZA,TZA_3_117,2,Kigoma Ujiji MC,G08ogemsYzp,Datim
TZA,TZA_3_118,2,Uvinza DC,QnjhG3pb3tT,Datim
TZA,TZA_3_119,2,Kahama TC,yOhFCpn5sYb,Datim
TZA,TZA_3_120,2,Kishapu DC,uWLJVNg0Cxm,Datim
TZA,TZA_3_121,2,Msalala DC,IEMuUwn38il,Datim
TZA,TZA_3_122,2,Shinyanga DC,aW2XJGy2NZk,Datim
TZA,TZA_3_123,2,Shinyanga MC,NLaq6KMNwa4,Datim
TZA,TZA_3_124,2,Ushetu DC,zU1Wnw8m86P,Datim
TZA,TZA_3_125,2,Biharamulo DC,xOVDj8J5PoB,Datim
TZA,TZA_3_126,2,Bukoba DC,imTE2HfVCB6,Datim
TZA,TZA_3_127,2,Bukoba MC,PEaCSlDUGCg,Datim
TZA,TZA_3_128,2,Karagwe DC,JTG9SvBj4hZ,Datim
TZA,TZA_3_129,2,Kyerwa DC,j8AIF1TBisq,Datim
TZA,TZA_3_130,2,Missenyi DC,xA6NDbxZAgx,Datim
TZA,TZA_3_131,2,Muleba DC,tLsMlLSRpfE,Datim
TZA,TZA_3_132,2,Ngara DC,S2K7qj164i8,Datim
TZA,TZA_3_133,2,Buchosa DC,c678aETTSuk,Datim
TZA,TZA_3_134,2,Ilemela MC,Knm8JL1QpjL,Datim
TZA,TZA_3_135,2,Kwimba DC,tdgT6aLYXaT,Datim
TZA,TZA_3_136,2,Magu DC,NKeKrs91xCw,Datim
TZA,TZA_3_137,2,Misungwi DC,NKUuUw1YV1f,Datim
TZA,TZA_3_138,2,Nyamagana MC,RxbRsCG8uH4,Datim
TZA,TZA_3_139,2,Sengerema DC,if4TkLUE35J,Datim
TZA,TZA_3_140,2,Ukerewe DC,cHzpHbKk60d,Datim
TZA,TZA_3_141,2,Bunda DC,hZ6LXLhUGaP,Datim
TZA,TZA_3_142,2,Bunda TC,cWgzh9CCp1c,Datim
TZA,TZA_3_143,2,Butiama DC,QAY9qFSQvjg,Datim
TZA,TZA_3_144,2,Musoma DC,o8ekD6KEXWC,Datim
TZA,TZA_3_145,2,Musoma MC,tWkfmVn0jNf,Datim
TZA,TZA_3_146,2,Rorya DC,WS1OIDUdNtU,Datim
TZA,TZA_3_147,2,Serengeti DC,RnRsrWIPfSN,Datim
TZA,TZA_3_148,2,Tarime DC,gdCBbSRSOyW,Datim
TZA,TZA_3_149,2,Tarime TC,kFtnGYFsmaV,Datim
TZA,TZA_3_150,2,Babati DC,KVGtSCr73bC,Datim
TZA,TZA_3_151,2,Babati TC,uBnSCpIMeNi,Datim
TZA,TZA_3_152,2,Hanang DC,AEQ2u8KCBcz,Datim
TZA,TZA_3_153,2,Kiteto DC,RtqbS8T7AuT,Datim
TZA,TZA_3_154,2,Mbulu DC,KinswscyL7a,Datim
TZA,TZA_3_155,2,Mbulu TC,sahUcmhPrjs,Datim
TZA,TZA_3_156,2,Simanjiro DC,r8uGxJkbiEY,Datim
TZA,TZA_3_157,2,Ludewa DC,hjesZBs1haJ,Datim
TZA,TZA_3_158,2,Makambako TC,vBmzQj5y81A,Datim
TZA,TZA_3_159,2,Makete DC,lr2euf5GGdS,Datim
TZA,TZA_3_160,2,Njombe DC,zLJGUZcLjAt,Datim
TZA,TZA_3_161,2,Njombe TC,egae42w1g2E,Datim
TZA,TZA_3_162,2,Wanging'ombe DC,YLzPUD9clds,Datim
TZA,TZA_3_163,2,Mlele DC,IAOBhhbqamN,Datim
TZA,TZA_3_164,2,Mpanda DC,fbNkC6ydQzQ,Datim
TZA,TZA_3_165,2,Mpanda MC,sHTZH3Q9xlL,Datim
TZA,TZA_3_166,2,Mpimbwe DC,NJCxVOG0NKP,Datim
TZA,TZA_3_167,2,Nsimbo DC,Vu9fQlceypj,Datim
TZA,TZA_3_168,2,Bariadi DC,w0DfXCPj8Rl,Datim
TZA,TZA_3_169,2,Bariadi TC,Jc7HCf9zv2h,Datim
TZA,TZA_3_170,2,Busega DC,QslVnqoK3PJ,Datim
TZA,TZA_3_171,2,Itilima DC,gIunYOqMCCw,Datim
TZA,TZA_3_172,2,Maswa DC,l3rmPVjiR9e,Datim
TZA,TZA_3_173,2,Meatu DC,pXIAe9SMcS3,Datim
TZA,TZA_3_174,2,Bukombe DC,d7jaGpSxsaJ,Datim
TZA,TZA_3_175,2,Chato DC,xxx5e0BohYI,Datim
TZA,TZA_3_176,2,Geita DC,bVUktvRBkSC,Datim
TZA,TZA_3_177,2,Geita TC,uvOa3vSlS16,Datim
TZA,TZA_3_178,2,Mbogwe DC,ocNRp1wzSHa,Datim
TZA,TZA_3_179,2,Nyang'hwale DC,BtMJFR0nUrB,Datim
TZA,TZA_3_180,2,Ileje DC,F0StU7ndfp2,Datim
TZA,TZA_3_181,2,Mbozi DC,hczrU5bjocf,Datim
TZA,TZA_3_182,2,Momba DC,dh6RCCSUrlk,Datim
TZA,TZA_3_183,2,Songwe DC,ccZi9PXZS2E,Datim
TZA,TZA_3_184,2,Tunduma TC,UL2PuGciZ0O,Datim
TZA,TZA_3_185,2,Kaskazini A,Exl9pUAc44P,Datim
TZA,TZA_3_186,2,Kaskazini B,JunQeiJ0pST,Datim
TZA,TZA_3_187,2,Kati,s9zkPoKCkYn,Datim
TZA,TZA_3_188,2,Kusini,WwO4gfYWGaQ,Datim
TZA,TZA_3_189,2,Magharibi A,lg7nWpRVX85,Datim
TZA,TZA_3_190,2,Magharibi B,NchEIyQydRt,Datim
TZA,TZA_3_191,2,Mjini,KOlqevxMjvo,Datim
TZA,TZA_3_192,2,Micheweni,suZa3dTHksq,Datim
TZA,TZA_3_193,2,Wete,CtMgY8VZogi,Datim
TZA,TZA_3_194,2,Chake Chake,Iy2ohDSmZYT,Datim
TZA,TZA_3_195,2,Mkoani,vafMiWl7iKa,Datim
UGA,UGA_3_001,2,Abim District,PttNphGaVik,Datim
UGA,UGA_3_002,2,Adjumani District,wEMidDdxt0Y,Datim
UGA,UGA_3_003,2,Agago District,GcYxWQadLDB,Datim
UGA,UGA_3_004,2,Alebtong District,D6upnSGqMuH,Datim
UGA,UGA_3_005,2,Amolatar District,goAaVw5euIo,Datim
UGA,UGA_3_006,2,Amudat District,KPUVZnaLTDR,Datim
UGA,UGA_3_007,2,Amuria District,kyxzmUPEuDx,Datim
UGA,UGA_3_008,2,Amuru District,LehfgDTxQgE,Datim
UGA,UGA_3_009,2,Apac District,HDDanYisp0p,Datim
UGA,UGA_3_011,2,Budaka District,tfsNJ75IDKn,Datim
UGA,UGA_3_012,2,Bududa District,oO3AikVUwsa,Datim
UGA,UGA_3_013,2,Bugiri District,hdHzOX7oN7H,Datim
UGA,UGA_3_014,2,Bugweri District,bNc4hKtrE0e,Datim
UGA,UGA_3_015,2,Buhweju District,CRf8LcPIIol,Datim
UGA,UGA_3_016,2,Buikwe District,lR8aTjNz6XY,Datim
UGA,UGA_3_017,2,Bukedea District,fpDeHp6TgVr,Datim
UGA,UGA_3_018,2,Bukomansimbi District,ZqIdMKJYNyc,Datim
UGA,UGA_3_019,2,Bukwo District,Rdt1TyOWaxM,Datim
UGA,UGA_3_020,2,Bulambuli District,pfr8iz9jJTi,Datim
UGA,UGA_3_021,2,Buliisa District,C2tMKsD3c9Y,Datim
UGA,UGA_3_022,2,Bundibugyo District,F5GLJu0abYn,Datim
UGA,UGA_3_023,2,Bunyangabu District,MfDcA52W2Mq,Datim
UGA,UGA_3_024,2,Bushenyi District,cb9SBT9Dkul,Datim
UGA,UGA_3_025,2,Busia District,cPDahRsvkf0,Datim
UGA,UGA_3_026,2,Butaleja District,x7jcXKDYjwv,Datim
UGA,UGA_3_027,2,Butambala District,Quu8PXwIv8m,Datim
UGA,UGA_3_028,2,Butebo District,WRgQri3NDOl,Datim
UGA,UGA_3_029,2,Buvuma District,FsHHbzluiJb,Datim
UGA,UGA_3_030,2,Buyende District,cv1b58B0y2U,Datim
UGA,UGA_3_031,2,Dokolo District,G7b1qt8AWXX,Datim
UGA,UGA_3_032,2,Gomba District,I9I7WFHjAte,Datim
UGA,UGA_3_033,2,Gulu District,tMliWxidVmG,Datim
UGA,UGA_3_034,2,Hoima District,aBfifMwaD01,Datim
UGA,UGA_3_035,2,Ibanda District,PNg9TjYhMHF,Datim
UGA,UGA_3_036,2,Iganga District,tT1gKtPhvCL,Datim
UGA,UGA_3_037,2,Isingiro District,R82ZOAg1BN1,Datim
UGA,UGA_3_038,2,Jinja District,h2wCziavPlv,Datim
UGA,UGA_3_039,2,Kaabong District,ZnMLQFOFj1H,Datim
UGA,UGA_3_040,2,Kabale District,lEMyFfXc5fI,Datim
UGA,UGA_3_041,2,Kabarole District,ONYuNfx7Zx8,Datim
UGA,UGA_3_042,2,Kaberamaido District,hcORKLsjQcP,Datim
UGA,UGA_3_043,2,Kagadi District,QIqtoDj9tee,Datim
UGA,UGA_3_044,2,Kakumiro District,gwAugxS9KhZ,Datim
UGA,UGA_3_045,2,Kalaki District,pG8eoCppGvF,Datim
UGA,UGA_3_046,2,Kalangala District,bntHIKmdtv7,Datim
UGA,UGA_3_047,2,Kaliro District,btv31DCkh3k,Datim
UGA,UGA_3_048,2,Kalungu District,NnAkN5yfxOs,Datim
UGA,UGA_3_049,2,Kampala District,VZF9UFmohwY,Datim
UGA,UGA_3_050,2,Kamuli District,h6FBV6CyGKR,Datim
UGA,UGA_3_051,2,Kamwenge District,oSleoOgcMmJ,Datim
UGA,UGA_3_052,2,Kanungu District,BZK6tOqdyJK,Datim
UGA,UGA_3_053,2,Kapchorwa District,iWgkJm78Jes,Datim
UGA,UGA_3_054,2,Kapelebyong District,OiT27konvR0,Datim
UGA,UGA_3_055,2,Karenga District,Sb5HzC36Kkm,Datim
UGA,UGA_3_056,2,Kasese District,dgzHXyQWBIu,Datim
UGA,UGA_3_057,2,Kassanda District,m9F275cBmJI,Datim
UGA,UGA_3_058,2,Katakwi District,AUY4rGf5rCC,Datim
UGA,UGA_3_059,2,Kayunga District,yhEeMg6lF5S,Datim
UGA,UGA_3_060,2,Kazo District,dDMUN4wq1lL,Datim
UGA,UGA_3_061,2,Kibaale District,k00te8l2zsS,Datim
UGA,UGA_3_062,2,Kiboga District,ouyiEelNaXp,Datim
UGA,UGA_3_063,2,Kibuku District,AlBctVMMqTZ,Datim
UGA,UGA_3_064,2,Kikuube District,oN3maBtKWd3,Datim
UGA,UGA_3_065,2,Kiruhura District,z2Hf7UvjJGf,Datim
UGA,UGA_3_066,2,Kiryandongo District,R5JFD4AykLF,Datim
UGA,UGA_3_067,2,Kisoro District,CrULNvqXGDj,Datim
UGA,UGA_3_068,2,Kitagwenda District,b98JFSZUYP3,Datim
UGA,UGA_3_069,2,Kitgum District,shZLXgVt6IU,Datim
UGA,UGA_3_070,2,Koboko District,S8ztvJDIhX7,Datim
UGA,UGA_3_071,2,Kole District,sOvyWDakEpr,Datim
UGA,UGA_3_072,2,Kotido District,xi1tbUw0pLk,Datim
UGA,UGA_3_073,2,Kumi District,u57HZ1OQLOW,Datim
UGA,UGA_3_074,2,Kwania District,AleGvYmLIii,Datim
UGA,UGA_3_075,2,Kween District,Vs3EnUbSIxB,Datim
UGA,UGA_3_076,2,Kyankwanzi District,Lryv2UvMIDv,Datim
UGA,UGA_3_077,2,Kyegegwa District,RsafOroWEu3,Datim
UGA,UGA_3_078,2,Kyenjojo District,uzmvGujZv2K,Datim
UGA,UGA_3_079,2,Kyotera District,rX4hscrLBeJ,Datim
UGA,UGA_3_080,2,Lamwo District,vG7S9jJp8I1,Datim
UGA,UGA_3_081,2,Lira District,sVmb2FInHpI,Datim
UGA,UGA_3_082,2,Luuka District,a3vfnv7B3iM,Datim
UGA,UGA_3_083,2,Luwero District,kdQx4oc4vxQ,Datim
UGA,UGA_3_084,2,Lwengo District,lUwH3eBWnc8,Datim
UGA,UGA_3_085,2,Lyantonde District,U0X3FFbxLG6,Datim
UGA,UGA_3_086,2,Madi-Okollo District,vZzDic7wByf,Datim
UGA,UGA_3_087,2,Manafwa District,vozdznXvEio,Datim
UGA,UGA_3_088,2,Maracha District,ieGmEgBpNRi,Datim
UGA,UGA_3_089,2,Masaka District,GgXE4SpT2qg,Datim
UGA,UGA_3_090,2,Masindi District,zmdjGbqC0jW,Datim
UGA,UGA_3_091,2,Mayuge District,sprbpgBWUqd,Datim
UGA,UGA_3_092,2,Mbale District,ZZY86jSqrRe,Datim
UGA,UGA_3_093,2,Mbarara District,qBnATrM2yWb,Datim
UGA,UGA_3_094,2,Mitooma District,oWQXNhdnVWe,Datim
UGA,UGA_3_095,2,Mityana District,PerVslp3sdX,Datim
UGA,UGA_3_096,2,Moroto District,CYSpjqfwZAp,Datim
UGA,UGA_3_097,2,Moyo District,ieDi203bOKl,Datim
UGA,UGA_3_098,2,Mpigi District,JqCmwAjmAdl,Datim
UGA,UGA_3_099,2,Mubende District,EhwbIln9cBp,Datim
UGA,UGA_3_100,2,Mukono District,ofADu4tfYGx,Datim
UGA,UGA_3_101,2,Nabilatuk District,q57q1mvQl3j,Datim
UGA,UGA_3_102,2,Nakapiripirit District,jkEggeCHfCb,Datim
UGA,UGA_3_103,2,Nakaseke District,EOY02xi5HPB,Datim
UGA,UGA_3_104,2,Nakasongola District,N4R2sGukDe4,Datim
UGA,UGA_3_105,2,Namayingo District,UlbBdvDSNO8,Datim
UGA,UGA_3_106,2,Namisindwa District,iSGuv0XmkFW,Datim
UGA,UGA_3_107,2,Namutumba District,XcRTJKgyvXV,Datim
UGA,UGA_3_108,2,Napak District,jDaD6QQu0qK,Datim
UGA,UGA_3_109,2,Nebbi District,k65flOHCxLR,Datim
UGA,UGA_3_110,2,Ngora District,zBtTOW32g52,Datim
UGA,UGA_3_111,2,Ntoroko District,H2TYawpBDO9,Datim
UGA,UGA_3_112,2,Ntungamo District,AuSNxhrQO7b,Datim
UGA,UGA_3_113,2,Nwoya District,vd1oDNwAfsr,Datim
UGA,UGA_3_114,2,Obongi District,Y983wAMNvuN,Datim
UGA,UGA_3_115,2,Omoro District,qToFRBvP3hw,Datim
UGA,UGA_3_116,2,Otuke District,bliiq8a0ZMa,Datim
UGA,UGA_3_117,2,Oyam District,HRlOm3DhuKZ,Datim
UGA,UGA_3_118,2,Pader District,jwkn9GjFWAw,Datim
UGA,UGA_3_119,2,Pakwach District,XyRGfsANEyO,Datim
UGA,UGA_3_120,2,Pallisa District,n5ZEsWziYrd,Datim
UGA,UGA_3_121,2,Rakai District,wrwOewzkKXu,Datim
UGA,UGA_3_122,2,Rubanda District,yg0nBKIzEKK,Datim
UGA,UGA_3_123,2,Rubirizi District,wCtC32IBgsy,Datim
UGA,UGA_3_124,2,Rukiga District,aTrdZQqac3E,Datim
UGA,UGA_3_125,2,Rukungiri District,SUzUiosYLZd,Datim
UGA,UGA_3_126,2,Rwampara District,y84DcGXdwjF,Datim
UGA,UGA_3_127,2,Serere District,aaBbWMyFu8Q,Datim
UGA,UGA_3_128,2,Sheema District,AUQrr5i5UwN,Datim
UGA,UGA_3_129,2,Sironko District,QgIToMQuTui,Datim
UGA,UGA_3_130,2,Soroti District,yCVI5WlzkF0,Datim
UGA,UGA_3_131,2,Sembabule District,tpymemEYnck,Datim
UGA,UGA_3_132,2,Tororo District,KDlDc415aZB,Datim
UGA,UGA_3_133,2,Wakiso District,U5duvbj7rlb,Datim
UGA,UGA_3_134,2,Yumbe District,vHFjx27wlUq,Datim
UGA,UGA_3_135,2,Zombo District,TmTuXKs7fJw,Datim
ZAF,ZAF_2_DC35,2,lp Capricorn District Municipality,zPlOd5VH1r4,Datim
ZAF,ZAF_2_TSH,2,gp City of Tshwane Metropolitan Municipality,jP6YHtU87iQ,Datim
ZAF,ZAF_2_DC32,2,mp Ehlanzeni District Municipality,pqFvbVz4qqH,Datim
ZAF,ZAF_2_DC45,2,nc John Taolo Gaetsewe District Municipality,T7tgoZWsBNI,Datim
ZAF,ZAF_2_DC40,2,nw Dr Kenneth Kaunda District Municipality,HKcwDYQDbB5,Datim
ZAF,ZAF_2_CPT,2,wc City of Cape Town Metropolitan Municipality,ROKgB9sl4NS,Datim
ZAF,ZAF_2_DC43,2,kz Harry Gwala District Municipality,rGkz0zhJLfr,Datim
ZAF,ZAF_2_DC10,2,ec Sarah Baartman District Municipality,NNQWafT8kCV,Datim
ZAF,ZAF_2_DC22,2,kz uMgungundlovu District Municipality,kOGT3ksxeSh,Datim
ZAF,ZAF_2_DC27,2,kz Umkhanyakude District Municipality,vQsUkgj7fuA,Datim
ZAF,ZAF_2_DC28,2,kz King Cetshwayo District Municipality,dydqYNPbwDc,Datim
ZAF,ZAF_2_EKU,2,gp Ekurhuleni Metropolitan Municipality,PfyEcru7EUk,Datim
ZAF,ZAF_2_ETH,2,kz eThekwini Metropolitan Municipality,DoPAA70ylOJ,Datim
ZAF,ZAF_2_DC15,2,ec Oliver Tambo District Municipality,us2FGzlnk8l,Datim
ZAF,ZAF_2_DC37,2,nw Bojanala Platinum District Municipality,yPMAadGMkkj,Datim
ZAF,ZAF_2_DC31,2,mp Nkangala District Municipality,BFWGUrkBvfy,Datim
ZAF,ZAF_2_DC42,2,gp Sedibeng District Municipality,ac7dqG6khLK,Datim
ZAF,ZAF_2_DC47,2,lp Sekhukhune District Municipality,ZnpFreAC44z,Datim
ZAF,ZAF_2_DC18,2,fs Lejweleputswa District Municipality,ymcLoFo1XOp,Datim
ZAF,ZAF_2_DC13,2,ec Chris Hani District Municipality,NXV5m5fAdaP,Datim
ZAF,ZAF_2_DC33,2,lp Mopani District Municipality,Ox9AGEiwXhL,Datim
ZAF,ZAF_2_DC44,2,ec Alfred Nzo District Municipality,UZY7KMPCrJM,Datim
ZAF,ZAF_2_DC12,2,ec Amathole District Municipality,VZPe5oVGVWf,Datim
ZAF,ZAF_2_DC21,2,kz Ugu District Municipality,D9dGCrs8rkJ,Datim
ZAF,ZAF_2_DC39,2,nw Dr Ruth Segomotsi Mompati District Municipality,Pv8QkwEnhlu,Datim
ZAF,ZAF_2_DC36,2,lp Waterberg District Municipality,RzshrAPG7FJ,Datim
ZAF,ZAF_2_DC24,2,kz Umzinyathi District Municipality,U8IafTP7w7L,Datim
ZAF,ZAF_2_DC19,2,fs Thabo Mofutsanyane District Municipality,BY6kspbkJW9,Datim
ZAF,ZAF_2_MAN,2,fs Mangaung Metropolitan Municipality,Ju4V7SZ8jJp,Datim
ZAF,ZAF_2_DC26,2,kz Zululand District Municipality,DjW2vEv4mf2,Datim
ZAF,ZAF_2_BUF,2,ec Buffalo City Metropolitan Municipality,Hf5RNaLp5Rc,Datim
ZAF,ZAF_2_DC38,2,nw Ngaka Modiri Molema District Municipality,QwqeXGLpLfi,Datim
ZAF,ZAF_2_DC3,2,wc Overberg District Municipality,CmLJdTTkdeN,Datim
ZAF,ZAF_2_JHB,2,gp City of Johannesburg Metropolitan Municipality,Q7sR8Vato1j,Datim
ZAF,ZAF_2_DC30,2,mp Gert Sibande District Municipality,bbqQmjUlRME,Datim
ZAF,ZAF_2_DC7,2,nc Pixley ka Seme District Municipality,wJfJepN9E40,Datim
ZAF,ZAF_2_DC2,2,wc Cape Winelands District Municipality,abEAqJ2swgH,Datim
ZAF,ZAF_2_DC9,2,nc Frances Baard District Municipality,BoIxivHASNY,Datim
ZAF,ZAF_2_DC20,2,fs Fezile Dabi District Municipality,AXM3xqXyh0j,Datim
ZAF,ZAF_2_DC25,2,kz Amajuba District Municipality,RW6UI8zTazb,Datim
ZAF,ZAF_2_DC23,2,kz Uthukela District Municipality,xhBacuWMJPS,Datim
ZAF,ZAF_2_NMA,2,ec Nelson Mandela Bay Municipality,Pq71pfCpkex,Datim
ZAF,ZAF_2_DC8,2,nc Zwelentlanga Fatman Mgcawu District Municipality,b5i77fVnsOC,Datim
ZAF,ZAF_2_DC29,2,kz iLembe District Municipality,ri7dSGxwDav,Datim
ZAF,ZAF_2_DC5,2,wc Central Karoo District Municipality,jPDTEACJNYQ,Datim
ZAF,ZAF_2_DC16,2,fs Xhariep District Municipality,y0iYP9PzR3F,Datim
ZAF,ZAF_2_DC34,2,lp Vhembe District Municipality,BFHI8ktsvQ1,Datim
ZAF,ZAF_2_DC1,2,wc West Coast District Municipality,tYc1vr3hkQT,Datim
ZAF,ZAF_2_DC14,2,ec Joe Gqabi District Municipality,L59auomWK9a,Datim
ZAF,ZAF_2_DC48,2,gp West Rand District Municipality,cCDFkhO0ITL,Datim
ZAF,ZAF_2_DC4,2,wc Garden Route District Municipality,IOb5dQ3OH9g,Datim
ZAF,ZAF_2_DC6,2,nc Namakwa District Municipality,rTOv2mSieIJ,Datim
ZMB,ZMB_2_1,2,Chibombo District,C3hzjEbUGY7,Datim
ZMB,ZMB_2_2,2,Chisamba District,w1I54NxWBAX,Datim
ZMB,ZMB_2_3,2,Chitambo District,BATZOkeA239,Datim
ZMB,ZMB_2_4,2,Itezhi-tezhi District,AEgCiRdfPqk,Datim
ZMB,ZMB_2_5,2,Kabwe District,G28ImG60bEy,Datim
ZMB,ZMB_2_6,2,Kapiri-Mposhi District,CA9WFYJAtUb,Datim
ZMB,ZMB_2_7,2,Luano District,bgH9feu8uJt,Datim
ZMB,ZMB_2_8,2,Mkushi District,NWen8ZFBp4d,Datim
ZMB,ZMB_2_9,2,Mumbwa District,FkYNFW9LQ9R,Datim
ZMB,ZMB_2_10,2,Ngabwe District,e3kb4cALNVO,Datim
ZMB,ZMB_2_11,2,Serenje District,h2h7la8dm3H,Datim
ZMB,ZMB_2_12,2,Chililabombwe District,duySMi9VqeJ,Datim
ZMB,ZMB_2_13,2,Chingola District,dP08F6UY3TU,Datim
ZMB,ZMB_2_14,2,Kalulushi District,tAO3Fr3blJV,Datim
ZMB,ZMB_2_15,2,Kitwe District,yVYkZ3nWNzG,Datim
ZMB,ZMB_2_16,2,Luanshya District,P0OPoBYL1Fn,Datim
ZMB,ZMB_2_17,2,Lufwanyama District,SJ5F0JSgzwr,Datim
ZMB,ZMB_2_18,2,Masaiti District,fRlQ6cOrgtH,Datim
ZMB,ZMB_2_19,2,Mpongwe District,oxxVN5nTumf,Datim
ZMB,ZMB_2_20,2,Mufulira District,GcuK6LNsXMg,Datim
ZMB,ZMB_2_21,2,Ndola District,Q12UEW61lN1,Datim
ZMB,ZMB_2_22,2,Chadiza District,lRPR9ANGlm4,Datim
ZMB,ZMB_2_23,2,Chasefu District,toCagUMIx9Y,Datim
ZMB,ZMB_2_24,2,Chipangali District,a6IV5KjoVVl,Datim
ZMB,ZMB_2_25,2,Chipata District,WM6uJb7CSb0,Datim
ZMB,ZMB_2_26,2,Kasenengwa District,povv2qRdZ3Q,Datim
ZMB,ZMB_2_27,2,Katete District,EedkCkeXAoE,Datim
ZMB,ZMB_2_28,2,Lumezi District,Q77pJqEI2GU,Datim
ZMB,ZMB_2_29,2,Lundazi District,o6BWc2XOaR9,Datim
ZMB,ZMB_2_30,2,Lusangazi District,WI8ahyVe1nh,Datim
ZMB,ZMB_2_31,2,Mambwe District,hWtv85y0q1m,Datim
ZMB,ZMB_2_32,2,Nyimba District,J9aw7uO6K13,Datim
ZMB,ZMB_2_33,2,Petauke District,xDTUHtVsYFR,Datim
ZMB,ZMB_2_34,2,Sinda District,ED00zcDv1NP,Datim
ZMB,ZMB_2_35,2,Vubwi District,OMlIhKx6FwZ,Datim
ZMB,ZMB_2_36,2,Chembe District,Ci4MTZzs9Dp,Datim
ZMB,ZMB_2_37,2,Chienge District,wp7SSQrJ3Zm,Datim
ZMB,ZMB_2_38,2,Chifunabuli District,DkkJXiX9QtC,Datim
ZMB,ZMB_2_39,2,Chipili District,V06Z9orsuCm,Datim
ZMB,ZMB_2_40,2,Kawambwa District,uwN16dMrb0P,Datim
ZMB,ZMB_2_41,2,Lunga District,BMHypoM69EJ,Datim
ZMB,ZMB_2_42,2,Mansa District,AdD79wW6htR,Datim
ZMB,ZMB_2_43,2,Milenge District,Q4HjG7ZX0e7,Datim
ZMB,ZMB_2_44,2,Mwansabombwe District,yM0opwvCoWC,Datim
ZMB,ZMB_2_45,2,Mwense District,lEzQkbYVZcc,Datim
ZMB,ZMB_2_46,2,Nchelenge District,Xep54JzSOPL,Datim
ZMB,ZMB_2_47,2,Samfya District,lrZWlwzlpI7,Datim
ZMB,ZMB_2_48,2,Chilanga District,GBwyy2AXkJX,Datim
ZMB,ZMB_2_49,2,Chirundu District,b5Tnnp3mSC8,Datim
ZMB,ZMB_2_50,2,Chongwe District,VCWA39P4uD0,Datim
ZMB,ZMB_2_51,2,Kafue District,jTAbPHjYvpI,Datim
ZMB,ZMB_2_52,2,Luangwa District,vUJoxqqtkGS,Datim
ZMB,ZMB_2_53,2,Lusaka District,nMTxNdQuYO8,Datim
ZMB,ZMB_2_54,2,Rufunsa District,VvPrVm52CAR,Datim
ZMB,ZMB_2_55,2,Shibuyunji District,HTNggnpUxo5,Datim
ZMB,ZMB_2_56,2,Chama District,uZ7ineguntq,Datim
ZMB,ZMB_2_57,2,Chinsali District,Jn1IGXJFpmr,Datim
ZMB,ZMB_2_58,2,Isoka District,q3fo1Q0viFo,Datim
ZMB,ZMB_2_59,2,Kanchibiya District,Z4T8jaSMA7Y,Datim
ZMB,ZMB_2_60,2,Lavushimanda District,JuVq1B6yp7W,Datim
ZMB,ZMB_2_61,2,Mafinga District,duBo3H32yVI,Datim
ZMB,ZMB_2_62,2,Mpika District,CUbwBUBDopX,Datim
ZMB,ZMB_2_63,2,Nakonde District,HRbtoDxH26v,Datim
ZMB,ZMB_2_64,2,Shiwang'andu District,EzD16N9xhDy,Datim
ZMB,ZMB_2_65,2,Chilubi District,ImFP8AUjiNU,Datim
ZMB,ZMB_2_66,2,Kaputa District,vkP1hKxVmrJ,Datim
ZMB,ZMB_2_67,2,Kasama District,mszioSxSYMT,Datim
ZMB,ZMB_2_68,2,Lunte District,mPYJ4Y6kQIN,Datim
ZMB,ZMB_2_69,2,Lupososhi District,AVCaYp1ZNZs,Datim
ZMB,ZMB_2_70,2,Luwingu District,uiGvDzuDmh0,Datim
ZMB,ZMB_2_71,2,Mbala District,l08AgUbqqwy,Datim
ZMB,ZMB_2_72,2,Mporokoso District,xwdPX8eStea,Datim
ZMB,ZMB_2_73,2,Mpulungu District,h6IYnswIlt8,Datim
ZMB,ZMB_2_74,2,Mungwi District,n6rJDqiS7AQ,Datim
ZMB,ZMB_2_75,2,Nsama District,fjRAy1I8UAA,Datim
ZMB,ZMB_2_76,2,Senga District,JBjoblp7duU,Datim
ZMB,ZMB_2_77,2,Chikankata District,AxhAJySJtIZ,Datim
ZMB,ZMB_2_78,2,Choma District,jNKE2vg0xW2,Datim
ZMB,ZMB_2_79,2,Gwembe District,IPlA2I7ZDyY,Datim
ZMB,ZMB_2_80,2,Kalomo District,zclMBQKy5pb,Datim
ZMB,ZMB_2_81,2,Kazungula District,yNYcQEwClZq,Datim
ZMB,ZMB_2_82,2,Livingstone District,msHKypyTOsd,Datim
ZMB,ZMB_2_83,2,Mazabuka District,f0rwq0ZvOpP,Datim
ZMB,ZMB_2_84,2,Monze District,nsDXaAoyT5w,Datim
ZMB,ZMB_2_85,2,Namwala District,IluW7ZpCRu2,Datim
ZMB,ZMB_2_86,2,Pemba District,SOsMNj1PZHR,Datim
ZMB,ZMB_2_87,2,Siavonga District,R0xn1W0wVia,Datim
ZMB,ZMB_2_88,2,Sinazongwe District,ScJoPYf0zuU,Datim
ZMB,ZMB_2_89,2,Zimba District,Q5i1yGKG14e,Datim
ZMB,ZMB_2_90,2,Kalabo District,HfZYPAvcxnV,Datim
ZMB,ZMB_2_91,2,Kaoma District,e1GuGfjysgx,Datim
ZMB,ZMB_2_92,2,Limulunga District,LGwM5T7Cfas,Datim
ZMB,ZMB_2_93,2,Luampa District,yEIIDwkgKFd,Datim
ZMB,ZMB_2_94,2,Lukulu District,SxxTz4gYhQw,Datim
ZMB,ZMB_2_95,2,Mitete District,eSHEOHPHS0m,Datim
ZMB,ZMB_2_96,2,Mongu District,mnkQy9rMHDc,Datim
ZMB,ZMB_2_97,2,Mulobezi District,sj48C4b1iIo,Datim
ZMB,ZMB_2_98,2,Mwandi District,r1mQwMyiJ6J,Datim
ZMB,ZMB_2_99,2,Nalolo District,P1IfKJvvJjF,Datim
ZMB,ZMB_2_100,2,Nkeyema District,JT5rJpyKNm1,Datim
ZMB,ZMB_2_101,2,Senanga District,ApD29h3DTXi,Datim
ZMB,ZMB_2_102,2,Sesheke District,iPgb36EMtaZ,Datim
ZMB,ZMB_2_103,2,Shang'ombo District,niVCOn2FsFF,Datim
ZMB,ZMB_2_104,2,Sikongo District,VuhgX5vFnOJ,Datim
ZMB,ZMB_2_105,2,Sioma District,A1V00o6uq0G,Datim
ZMB,ZMB_2_106,2,Chavuma District,WVN5P5BQL3H,Datim
ZMB,ZMB_2_107,2,Ikelenge District,BFJPdJYyZSS,Datim
ZMB,ZMB_2_108,2,Kabompo District,qsgip4zfCsl,Datim
ZMB,ZMB_2_109,2,Kalumbila District,vMdNzNKajxW,Datim
ZMB,ZMB_2_110,2,Kasempa District,mndbxwRfACp,Datim
ZMB,ZMB_2_111,2,Manyinga District,EQizXuGYoyC,Datim
ZMB,ZMB_2_112,2,Mufumbwe District,exaobovFrtu,Datim
ZMB,ZMB_2_113,2,Mushindamo District,VcmojzLvzmT,Datim
ZMB,ZMB_2_114,2,Mwinilunga District,wyjZ8L6fcge,Datim
ZMB,ZMB_2_115,2,Solwezi District,aUCEtB44Q1u,Datim
ZMB,ZMB_2_116,2,Zambezi District,j7KiCT3SdRf,Datim
ZWE,ZWE_2_1,2,Bulawayo,gRcDzd8Havi,Datim
ZWE,ZWE_2_2,2,Chitungwiza,mDpdX1kRyEm,Datim
ZWE,ZWE_2_3,2,Harare,tnA2yp5DV8B,Datim
ZWE,ZWE_2_4,2,Buhera,qi67SubvCKE,Datim
ZWE,ZWE_2_5,2,Chimanimani,Lhyoz3R6Ajc,Datim
ZWE,ZWE_2_6,2,Chipinge,LQDA8bBKmGl,Datim
ZWE,ZWE_2_7,2,Makoni,Dk2rajWTf3p,Datim
ZWE,ZWE_2_8,2,Mutare,QqH8PKSDr5Y,Datim
ZWE,ZWE_2_9,2,Mutasa,DGPXQ6p641S,Datim
ZWE,ZWE_2_10,2,Nyanga,dEbgc2xNR7R,Datim
ZWE,ZWE_2_11,2,Bindura,UVIDQgKgkIl,Datim
ZWE,ZWE_2_12,2,Centenary,AcZMrbuIQHB,Datim
ZWE,ZWE_2_13,2,Guruve,lQdiKoDM0YB,Datim
ZWE,ZWE_2_14,2,Mazowe,O1MLzwGIdaI,Datim
ZWE,ZWE_2_15,2,Mbire,xiWDxDXJuOq,Datim
ZWE,ZWE_2_16,2,Mt. Darwin,uZlfL99x0U9,Datim
ZWE,ZWE_2_17,2,Rushinga,fStWIsultvb,Datim
ZWE,ZWE_2_18,2,Shamva,N8poku41uf8,Datim
ZWE,ZWE_2_19,2,Chikomba,ySo1EcAJHf3,Datim
ZWE,ZWE_2_20,2,Goromonzi,lz6v1wK1cNw,Datim
ZWE,ZWE_2_21,2,Hwedza,wwqR42KI6bP,Datim
ZWE,ZWE_2_22,2,Marondera,LpFSAtRBDrO,Datim
ZWE,ZWE_2_23,2,Mudzi,pHaEVDr8hH4,Datim
ZWE,ZWE_2_24,2,Murehwa,Fu4aAYVFa6r,Datim
ZWE,ZWE_2_25,2,Mutoko,VvHZwqiBB7z,Datim
ZWE,ZWE_2_26,2,Seke,IVgC6CZbxJy,Datim
ZWE,ZWE_2_27,2,UMP,lbulQoua4zY,Datim
ZWE,ZWE_2_28,2,Chegutu,ryIJ3ovaLRV,Datim
ZWE,ZWE_2_29,2,Hurungwe,Hhij012HJcM,Datim
ZWE,ZWE_2_30,2,Kariba,ytIjhhB5ngD,Datim
ZWE,ZWE_2_31,2,Makonde,KudZMSVnWY5,Datim
ZWE,ZWE_2_32,2,Mhondoro,o9xqygP8ZE4,Datim
ZWE,ZWE_2_33,2,Sanyati,ViukJkX7R9W,Datim
ZWE,ZWE_2_34,2,Zvimba,MkRCrwJ2C1I,Datim
ZWE,ZWE_2_35,2,Bikita,dMQxp7sPj1R,Datim
ZWE,ZWE_2_36,2,Chiredzi,OyRBD1CMuJT,Datim
ZWE,ZWE_2_37,2,Chivi,t4S881SjUZl,Datim
ZWE,ZWE_2_38,2,Gutu,y4FrV2J3SSU,Datim
ZWE,ZWE_2_39,2,Masvingo,HvjrNGxD4bB,Datim
ZWE,ZWE_2_40,2,Mwenezi,lzDgejMOGWZ,Datim
ZWE,ZWE_2_41,2,Zaka,liwk00wkGLQ,Datim
ZWE,ZWE_2_42,2,Binga,zfkbUgAzp37,Datim
ZWE,ZWE_2_43,2,Bubi,yU4WwDwy9Tn,Datim
ZWE,ZWE_2_44,2,Hwange,yU5heN4ykZa,Datim
ZWE,ZWE_2_45,2,Lupane,a3zBlSiF0wB,Datim
ZWE,ZWE_2_46,2,Nkayi,hWLm2t2O2gU,Datim
ZWE,ZWE_2_47,2,Tsholotsho,uHWuOK5QEAg,Datim
ZWE,ZWE_2_48,2,Umguza,xuUDwPCp31S,Datim
ZWE,ZWE_2_49,2,Beitbridge,ze5XC3Spng8,Datim
ZWE,ZWE_2_50,2,Bulilima,KQ1obRaiEJc,Datim
ZWE,ZWE_2_51,2,Gwanda,pPAf46DUcp7,Datim
ZWE,ZWE_2_52,2,Insiza,LvCBn26U2i2,Datim
ZWE,ZWE_2_53,2,Mangwe,FjppXDFJ9Tx,Datim
ZWE,ZWE_2_54,2,Matobo,RjYF149Rr2v,Datim
ZWE,ZWE_2_55,2,Umzingwane,LlCnbkgxpWA,Datim
ZWE,ZWE_2_56,2,Chirumhanzu,c38pTGryV5q,Datim
ZWE,ZWE_2_57,2,Gokwe North,L2GCOZE3ZGJ,Datim
ZWE,ZWE_2_58,2,Gokwe South,x65gIMnlfkA,Datim
ZWE,ZWE_2_59,2,Gweru,b7OnyRR9AXI,Datim
ZWE,ZWE_2_60,2,Kwekwe,KrzWTSmFARO,Datim
ZWE,ZWE_2_61,2,Mberengwa,vs33LF3cnHy,Datim
ZWE,ZWE_2_62,2,Shurugwi,XQwyooJ2rFg,Datim
ZWE,ZWE_2_63,2,Zvishavane,W4O6XMG1LlA,Datim
CIV,CIV_2_001ze,2,Abobo-Est,m4hsNX3VTKP,Datim
CIV,CIV_2_002ji,2,Abobo-Ouest,z3MzML1mYwh,Datim
CIV,CIV_2_003ou,2,Anyama,VRjvwkJGXTH,Datim
CIV,CIV_2_004nq,2,Yopougon-Est,FWBih8friTu,Datim
CIV,CIV_2_005pp,2,Yopougon-Ouest-Songon,ejiEtWEM5cz,Datim
CIV,CIV_2_006tw,2,Adjame-Plateau-Attecoube,srjx8SafsPP,Datim
CIV,CIV_2_007ha,2,Cocody-Bingerville,uum3VZlFaKv,Datim
CIV,CIV_2_008wj,2,Koumassi,SA1Avn20OIg,Datim
CIV,CIV_2_009cc,2,Port-Bouet-Vridi,JWHZQPi2FZX,Datim
CIV,CIV_2_010vd,2,Treichville-Marcory,eGcjUV99Zdo,Datim
CIV,CIV_2_011kt,2,Agboville,gn6vC2809So,Datim
CIV,CIV_2_012mv,2,Sikensi,gbHb3TqpYeF,Datim
CIV,CIV_2_013xi,2,Tiassale,WqS5Tgu9lhn,Datim
CIV,CIV_2_014gb,2,Koro,jn2oT2EqFHV,Datim
CIV,CIV_2_015ue,2,Ouaninou,LHT1bZaObZi,Datim
CIV,CIV_2_016xf,2,Touba,HJBwHZDHtwK,Datim
CIV,CIV_2_017vo,2,Boundiali,AY20w05Wc9q,Datim
CIV,CIV_2_018qb,2,Kouto,C06ksmRUqhQ,Datim
CIV,CIV_2_019ov,2,Tengrela,GZd9VUpRF9b,Datim
CIV,CIV_2_020sr,2,Didievi,AsDwMb164Ar,Datim
CIV,CIV_2_021yn,2,Tiebissou,rDXPCsGXk80,Datim
CIV,CIV_2_022wj,2,Toumodi,KaRkZKjlJS9,Datim
CIV,CIV_2_023vb,2,Yamoussoukro,eOaGQybIP0i,Datim
CIV,CIV_2_024aw,2,Dianra,u3unejleNk6,Datim
CIV,CIV_2_025ng,2,Kounahiri,GCgFTT50sU8,Datim
CIV,CIV_2_026oc,2,Mankono,tqjCSI7HOIk,Datim
CIV,CIV_2_027qw,2,Bouna,jsjlSkJ8fZ2,Datim
CIV,CIV_2_028ys,2,Doropo,pBR0kgpRXso,Datim
CIV,CIV_2_029qq,2,Nassian,Fm5lj3ydz01,Datim
CIV,CIV_2_030sq,2,Tehini,vdKJdMM5Vsa,Datim
CIV,CIV_2_031lg,2,Blolequin,psRnKDD6jKN,Datim
CIV,CIV_2_032lc,2,Guiglo,rjpRCyaSOka,Datim
CIV,CIV_2_033tn,2,Tai,PkzJUGMTD1e,Datim
CIV,CIV_2_034vv,2,Toulepleu,bPFRu7vkAx4,Datim
CIV,CIV_2_035yh,2,Kaniasso,yPDsUlyJxHL,Datim
CIV,CIV_2_036ec,2,Minignan,FeQubuYk5yj,Datim
CIV,CIV_2_037jr,2,Beoumi,QI4qaQRoEcK,Datim
CIV,CIV_2_038kb,2,Botro,mJ7BXJZjbgW,Datim
CIV,CIV_2_039vx,2,Bouake-Nord-Est,AewGtVAXTpR,Datim
CIV,CIV_2_040ou,2,Bouake-Nord-Ouest,ycvc2l2qqUE,Datim
CIV,CIV_2_041xc,2,Bouake-Sud,y7RJkbRqgJT,Datim
CIV,CIV_2_042df,2,Sakassou,F5ehlSubWUq,Datim
CIV,CIV_2_043fq,2,Fresco,ZCxKKMtE0hA,Datim
CIV,CIV_2_044hm,2,Sassandra,xrTVfYGnCAq,Datim
CIV,CIV_2_045st,2,Gagnoa 1,HgAGgNFJBLO,Datim
CIV,CIV_2_046ob,2,Gagnoa 2,keuoFuCkJc9,Datim
CIV,CIV_2_047vh,2,Oume,U7FcpSTowY0,Datim
CIV,CIV_2_048bk,2,Bondoukou,bPtyVLYWLS1,Datim
CIV,CIV_2_049vl,2,Koun-Fao,oBgB5TCnud9,Datim
CIV,CIV_2_050sl,2,Sandegue,hxfdOEY4kqW,Datim
CIV,CIV_2_051vs,2,Tanda,hGbktMoaboh,Datim
CIV,CIV_2_052wf,2,Transua,gDqtRGMWHYh,Datim
CIV,CIV_2_053oo,2,Dabou,lD9LV6eBHfQ,Datim
CIV,CIV_2_054cq,2,Grand-Lahou,lWBnsQf68dS,Datim
CIV,CIV_2_055vj,2,Jacqueville,CRixH2BASvF,Datim
CIV,CIV_2_056ga,2,Bangolo,YJRrSeTDrY5,Datim
CIV,CIV_2_057ii,2,Duekoue,qtas4LeSMFk,Datim
CIV,CIV_2_058ir,2,Kouibly,MfdlUVk17qs,Datim
CIV,CIV_2_059xu,2,Dabakala,o2U3SNx0JLJ,Datim
CIV,CIV_2_060hz,2,Katiola,jNb2wWbxIk8,Datim
CIV,CIV_2_061oj,2,Niakaramadougou,oeiTlj4Anh8,Datim
CIV,CIV_2_062yq,2,Daloa,Afx3d2MkpEG,Datim
CIV,CIV_2_063xl,2,Issia,xVqaF0orSHP,Datim
CIV,CIV_2_064qn,2,Vavoua,MU6pT5Itenu,Datim
CIV,CIV_2_065gw,2,Zoukougbeu,SWnJKh6SBdx,Datim
CIV,CIV_2_066jv,2,Daoukro,FIP1evPz2kO,Datim
CIV,CIV_2_067xq,2,M'bahiakro,QVU3rUTd6WX,Datim
CIV,CIV_2_068zk,2,Prikro,glRlVubWojg,Datim
CIV,CIV_2_069ml,2,Abengourou,qHfnRvlDq0u,Datim
CIV,CIV_2_070jp,2,Agnibilekrou,nYehWt8N4nw,Datim
CIV,CIV_2_071yt,2,Bettie,f4tnMBWJUve,Datim
CIV,CIV_2_072yt,2,Madinani,JywGOviALHQ,Datim
CIV,CIV_2_073eq,2,Odienne,adZqc2OAgKp,Datim
CIV,CIV_2_074qz,2,Divo,rRlVGR4SAOy,Datim
CIV,CIV_2_075qv,2,Guitry,Cf9M88GSMkI,Datim
CIV,CIV_2_076mi,2,Lakota,rqem7WGjUpm,Datim
CIV,CIV_2_077jm,2,Bouafle,zxtqOKeUsFf,Datim
CIV,CIV_2_078rs,2,Sinfra,LUgbTJHOa8M,Datim
CIV,CIV_2_079cx,2,Zuenoula,KgKj4XmQtQX,Datim
CIV,CIV_2_080zq,2,Adzope,Mz99jaYsFxm,Datim
CIV,CIV_2_081sa,2,Akoupe,UDEHiTgnxZF,Datim
CIV,CIV_2_082cj,2,Alepe,XtadO5Nbz1l,Datim
CIV,CIV_2_083fn,2,Yakasse-Attobrou,ZJGH98L8kgX,Datim
CIV,CIV_2_084ip,2,Arrah,jRCAWX024ru,Datim
CIV,CIV_2_085xj,2,Bongouanou,pKg0FPsUjcz,Datim
CIV,CIV_2_086iu,2,M'Batto,w8PDMwI00or,Datim
CIV,CIV_2_087sv,2,Bocanda,sg5OeSC3e76,Datim
CIV,CIV_2_088ip,2,Dimbokro,EwBdT0P1NoK,Datim
CIV,CIV_2_089ic,2,Kouassikouassikro,gW9ZImPVIdD,Datim
CIV,CIV_2_090yf,2,Buyo,mtjBMrFExWI,Datim
CIV,CIV_2_091ae,2,Gueyo,zULBF1vgW7M,Datim
CIV,CIV_2_092aa,2,Meagui,RjWBYFdUDkK,Datim
CIV,CIV_2_093wr,2,Soubre,jPk4oCBlN23,Datim
CIV,CIV_2_094wl,2,Dikodougou,pGItUIZ8Vy3,Datim
CIV,CIV_2_095av,2,Korhogo 1,h6OQqWW1691,Datim
CIV,CIV_2_096tn,2,Korhogo 2,kYIe3TVqwDU,Datim
CIV,CIV_2_097st,2,M'Bengue,uVNbNCxOI4R,Datim
CIV,CIV_2_098hi,2,Sinematiali,lZWD4jGmzTz,Datim
CIV,CIV_2_099iq,2,San-Pedro,wvQfMc2sxSi,Datim
CIV,CIV_2_100zm,2,Tabou,O2PDFcA1UBs,Datim
CIV,CIV_2_101oy,2,Aboisso,qzPP0iILjH9,Datim
CIV,CIV_2_102br,2,Adiake,auvAbmX414m,Datim
CIV,CIV_2_103wd,2,Grand-Bassam,vwUs4s32SzY,Datim
CIV,CIV_2_104jx,2,Tiapoum,pRFO6Tocugk,Datim
CIV,CIV_2_105gf,2,Ferkessedougou,Ro2e9NndrG9,Datim
CIV,CIV_2_106sj,2,Kong,IO61FGcXLsJ,Datim
CIV,CIV_2_107av,2,Ouangolodougou,eSuJxZpd2tT,Datim
CIV,CIV_2_108po,2,Biankouma,lDZEiz8wxkg,Datim
CIV,CIV_2_109ue,2,Danane,iclnG0nW8le,Datim
CIV,CIV_2_110qo,2,Man,GeLP2HBm78g,Datim
CIV,CIV_2_111zo,2,Zouhan Hounien,gxpIzB7TH6b,Datim
CIV,CIV_2_112ky,2,Kani,n1ikU5KKyAp,Datim
CIV,CIV_2_113zy,2,seguela,eoAobHIVIBN,Datim